1,"Lloyd, Brandon",DEN,203,12.7,16,11,77,153,1448,18.8,11,1,-18,0,78,1430,1430,11,0,0,2010
2,"Bowe, Dwayne",KC,200,12.5,16,16,72,128,1162,16.1,15,1,4,0,73,1166,1166,15,0,0,2010
3,"Jennings, Greg",GB,193,12.1,16,16,76,124,1265,16.6,12,1,-1,0,77,1264,1264,12,0,0,2010
4,"Johnson, Calvin",DET,182,11.4,16,15,77,137,1120,14.5,12,4,32,0,81,1152,1152,12,1,0,2010
5,"White, Roddy",ATL,182,12.1,15,15,108,167,1311,12.1,9,1,3,0,109,1314,1314,9,2,1,2010
6,"Wallace, Mike",PIT,182,11.4,16,16,60,94,1257,21,10,5,39,0,65,1296,1296,10,0,0,2010
7,"Nicks, Hakeem",NYG,165,12.7,13,12,79,117,1052,13.3,11,0,0,0,79,1052,1066,11,0,0,2010
8,"Johnson, Andre",HOU,164,12.6,13,13,86,138,1216,14.1,8,2,10,0,88,1226,1226,8,0,0,2010
9,"Wayne, Reggie",IND,164,10.3,16,16,111,176,1355,12.2,6,0,0,0,111,1355,1355,6,0,1,2010
10,"Johnson, Stevie",BUF,159,9.9,16,13,82,142,1073,13.1,10,0,0,0,82,1073,1073,10,0,1,2010
11,"Williams, Mike",TB,154,9.6,16,16,65,129,964,14.8,11,0,0,0,65,964,964,11,0,2,2010
12,"Maclin, Jeremy",PHI,151,9.4,16,16,70,115,964,13.8,10,3,36,0,73,1000,1039,10,0,1,2010
13,"Austin, Miles",DAL,151,9.4,16,16,69,119,1041,15.1,7,7,93,1,76,1134,1134,8,0,1,2010
14,"Jackson, DeSean",PHI,148,10.6,14,14,47,96,1056,22.5,6,16,104,1,63,1160,1391,8,0,1,2010
15,"Owens, Terrell",CIN,147,10.5,14,11,72,132,983,13.7,9,0,0,0,72,983,983,9,0,0,2010
16,"Fitzgerald, Larry",ARI,146,9.1,16,15,90,173,1137,12.6,6,0,0,0,90,1137,1137,6,1,0,2010
17,"Manningham, Mario",NYG,144,9,16,7,60,92,944,15.7,9,1,2,0,61,946,946,9,0,1,2010
18,"Moss, Santana",WAS,140,8.8,16,16,93,145,1115,12,6,5,-6,0,98,1109,1109,6,0,2,2010
19,"Colston, Marques",NO,138,9.2,15,11,84,131,1023,12.2,7,1,1,0,85,1024,1024,7,0,0,2010
20,"Harvin, Percy",MIN,129,9.2,14,13,71,109,868,12.2,5,18,107,1,89,975,1908,7,1,1,2010
21,"Britt, Kenny",TEN,128,10.7,12,6,42,73,775,18.5,9,0,0,0,42,775,775,9,1,1,2010
22,"Edwards, Braylon",NYJ,126,7.9,16,15,53,101,904,17.1,7,1,4,0,54,908,908,7,1,1,2010
23,"Welker, Wes",NE,120,8,15,12,86,123,848,9.9,7,0,0,0,86,848,884,7,0,0,2010
24,"Knox, Johnny",CHI,119,7.4,16,16,51,99,960,18.8,5,1,2,0,52,962,1144,5,0,1,2010
25,"Boldin, Anquan",BAL,118,7.4,16,16,64,109,837,13.1,7,2,2,0,66,833,839,7,0,1,2010
26,"Mason, Derrick",BAL,117,7.3,16,15,61,100,802,13.1,7,0,0,0,61,802,802,7,0,0,2010
27,"Moore, Lance",NO,116,7.3,16,1,66,94,763,11.6,8,0,0,0,66,763,875,8,0,1,2010
28,"Branch, Deion",SEA,114,7.6,15,11,61,92,818,13.4,6,0,0,0,61,818,818,6,0,1,2010
29,"Garcon, Pierre",IND,109,7.8,14,14,67,119,784,11.7,6,2,6,0,69,790,790,6,0,0,2010
30,"Collie, Austin",IND,109,12.1,9,6,58,71,649,11.2,8,0,0,0,58,649,649,8,0,1,2010
31,"Holmes, Santonio",NYJ,106,8.8,12,10,52,95,746,14.3,6,2,17,0,54,763,803,6,0,2,2010
32,"Bess, Davone",MIA,104,6.5,16,8,79,126,820,10.4,5,2,-3,0,81,817,1101,5,0,2,2010
33,"Crabtree, Michael",SF,103,6.4,16,15,55,101,741,13.5,6,0,0,0,55,741,741,6,0,0,2010
34,"Floyd, Malcom",SD,103,9.4,11,9,37,77,717,19.4,6,0,0,0,37,717,717,6,0,0,2010
35,"Johnson, Chad",CIN,100,7.1,14,12,67,123,831,12.4,4,0,0,0,67,831,831,4,0,0,2010
36,"Armstrong, Anthony",WAS,100,6.7,15,11,44,86,871,19.8,3,0,0,0,44,871,871,3,0,1,2010
37,"Ward, Hines",PIT,98,6.1,16,15,59,87,755,12.8,5,1,-2,0,60,753,753,5,0,1,2010
38,"Marshall, Brandon",MIA,98,7.5,13,13,75,134,908,12.1,2,2,3,0,77,911,911,2,0,0,2010
39,"Thomas, Mike",JAX,98,6.5,15,10,62,97,779,12.6,3,11,105,0,73,884,1226,4,0,3,2010
40,"Burleson, Nate",DET,98,7,14,14,55,86,625,11.4,6,7,81,0,62,706,706,6,0,2,2010
41,"Washington, Nate",TEN,97,6.1,16,15,42,94,687,16.4,6,1,-8,0,43,679,679,6,0,0,2010
42,"Sims-Walker, Mike",JAX,93,6.6,14,13,43,80,562,13.1,7,0,0,0,43,562,562,7,0,1,2010
43,"Gaffney, Jabar",DEN,93,5.8,16,12,65,112,875,13.5,2,0,0,0,65,875,875,2,0,0,2010
44,"Jones, James",GB,92,5.8,16,3,50,87,679,13.6,5,0,0,0,50,679,679,5,0,1,2010
45,"Meachem, Robert",NO,88,5.5,16,6,44,67,638,14.5,5,4,14,0,48,652,652,5,0,0,2010
46,"Bryant, Dez",DAL,88,7.3,12,2,45,72,561,12.5,6,1,0,0,46,561,1069,8,0,1,2010
47,"Walter, Kevin",HOU,86,5.4,16,16,51,75,621,12.2,5,0,0,0,51,621,621,5,0,0,2010
48,"Amendola, Danny",STL,85,5.3,16,6,85,123,689,8.1,3,7,81,0,92,770,2364,3,0,1,2010
49,"Williams, Roy",DAL,80,5.3,15,10,37,61,530,14.3,5,0,0,0,37,530,530,5,1,2,2010
50,"Williams, Mike",SEA,80,5.7,14,13,65,110,751,11.6,2,1,0,0,66,751,751,2,0,0,2010
51,"Royal, Eddie",DEN,79,4.9,16,10,59,105,627,10.6,3,6,61,0,65,688,1093,3,0,2,2010
52,"Morgan, Josh",SF,77,4.8,16,13,44,80,698,15.9,2,2,17,0,46,715,734,2,0,1,2010
53,"Ford, Jacoby",OAK,77,5.1,15,8,23,46,443,19.3,2,10,155,2,33,598,1805,7,0,1,2010
54,"Driver, Donald",GB,76,5.1,15,15,51,86,565,11.1,4,0,0,0,51,565,565,4,0,1,2010
55,"Breaston, Steve",ARI,75,5.8,13,11,47,87,718,15.3,1,3,35,0,50,770,915,1,0,0,2010
56,"Jones, Jacoby",HOU,73,4.9,15,7,51,78,562,11,3,2,7,0,53,569,1267,3,1,0,2010
57,"Evans, Lee",BUF,72,6,12,12,35,78,526,15,4,0,0,0,35,526,526,4,0,1,2010
58,"Shipley, Jordan",CIN,71,4.7,15,4,52,84,600,11.5,3,0,0,0,52,600,600,3,0,0,2010
59,"Murphy, Louis",OAK,69,4.9,14,9,41,78,609,14.9,2,1,43,0,42,652,652,2,0,1,2010
60,"Smith, Steve",NYG,68,7.6,9,7,48,75,529,11,3,0,0,0,48,529,529,3,0,0,2010
61,"Bennett, Earl",CHI,68,4.9,14,3,46,70,561,12.2,3,2,9,0,48,570,570,3,0,0,2010
62,"Gibson, Brandon",STL,67,4.5,15,13,53,91,620,11.7,2,3,28,0,56,648,648,2,0,0,2010
63,"Hartline, Brian",MIA,66,5.5,12,11,43,73,615,14.3,1,2,27,0,45,642,642,1,0,1,2010
64,"Hester, Devin",CHI,66,4.1,16,13,40,73,475,11.9,4,7,30,0,47,505,1496,7,0,0,2010
65,"Gettis, David",CAR,65,4.3,15,12,37,67,508,13.7,3,3,2,0,40,510,655,3,0,0,2010
66,"Moss, Randy",NE,64,4,16,11,28,63,393,14,5,0,0,0,28,393,393,5,0,0,2010
67,"Nelson, Jordy",GB,64,4,16,3,45,64,582,12.9,2,0,0,0,45,582,1078,2,0,3,2010
68,"White, Blair",IND,62,4.8,13,4,36,57,355,9.9,5,0,0,0,36,355,435,5,0,0,2010
69,"Tate, Brandon",NE,61,3.8,16,10,24,46,432,18,3,5,62,0,29,494,1555,5,0,1,2010
70,"Smith, Steve",CAR,61,4.4,14,14,46,99,554,12,2,1,9,0,47,563,609,2,0,2,2010
71,"Avant, Jason",PHI,60,3.8,16,3,51,74,573,11.2,1,0,0,0,51,573,573,1,1,0,2010
72,"Massaquoi, Mohamed",CLE,60,4,15,14,36,67,483,13.4,2,1,-3,0,37,509,480,3,0,1,2010
73,"Jenkins, Michael",ATL,57,5.2,11,9,41,73,505,12.3,2,0,0,0,41,505,505,2,0,0,2010
74,"Butler, Deon",SEA,57,4.4,13,8,36,70,385,10.7,4,2,6,0,38,391,391,4,0,0,2010
75,"Crayton, Patrick",SD,54,5.4,10,2,28,42,514,18.4,1,0,0,0,28,514,568,1,0,0,2010
76,"LaFell, Brandon",CAR,54,3.9,14,4,38,77,468,12.3,1,1,60,0,39,528,528,1,0,0,2010
77,"Houshmandzadeh, T.J.",BAL,51,3.2,16,1,30,57,398,13.3,3,0,0,0,30,398,398,3,0,0,2010
78,"Obomanu, Ben",SEA,51,4.3,12,4,21,38,347,16.5,3,0,0,0,21,347,347,3,2,0,2010
79,"Henderson, Devery",NO,47,2.9,16,11,34,59,464,13.6,1,3,8,0,37,472,614,1,0,0,2010
80,"Benn, Arrelious",TB,46,3.1,15,9,25,38,395,15.8,2,6,35,0,31,430,430,2,0,0,2010
81,"Robiskie, Brian",CLE,45,3.2,14,11,29,43,310,10.7,3,0,0,0,29,310,310,3,0,0,2010
82,"Simpson, Jerome",CIN,45,11.3,4,3,20,25,277,13.9,3,1,2,0,21,279,279,3,0,2,2010
83,"Sanders, Emmanuel",PIT,44,3.4,13,1,28,48,376,13.4,2,0,0,0,28,376,1064,2,0,1,2010
84,"Heyward-Bey, Darrius",OAK,44,2.9,15,14,26,65,366,14.1,1,4,48,0,30,414,414,1,0,1,2010
85,"Jackson, Vincent",SD,42,8.4,5,5,14,24,248,17.7,3,1,14,0,15,262,262,3,0,0,2010
86,"Parrish, Roscoe",BUF,42,6,7,5,29,45,334,11.5,2,2,10,0,31,344,433,2,0,0,2010
87,"Naanee, Legedu",SD,41,4.1,10,9,23,46,371,16.1,1,3,-2,0,26,369,369,1,1,1,2010
88,"Robinson, Laurent",STL,40,2.9,14,11,34,75,344,10.1,2,2,-14,0,36,330,330,2,0,0,2010
89,"Roberts, Andre",ARI,40,2.7,15,2,24,49,307,12.8,2,0,0,0,24,307,896,2,0,1,2010
90,"Clayton, Mark",STL,40,8,5,5,23,42,306,13.3,2,1,6,0,24,312,312,2,0,0,2010
91,"Cotchery, Jerricho",NYJ,39,3,13,5,37,73,344,9.3,2,3,5,0,40,349,415,2,0,0,2010
92,"Rice, Sidney",MIN,38,6.3,6,5,17,42,280,16.5,2,0,0,0,17,280,280,2,0,0,2010
93,"Nelson, David",BUF,37,2.6,14,2,28,44,292,10.4,2,0,0,0,28,292,292,2,0,0,2010
94,"Smith, Brad",NYJ,37,2.3,16,2,4,7,44,11,0,38,299,1,42,349,1775,4,0,1,2010
95,"Thomas, Demaryius",DEN,36,3.6,10,2,22,39,283,12.9,2,2,1,0,24,284,682,2,0,2,2010
96,"Ajirotutu, Seyi",SD,35,3.5,10,0,13,23,262,20.2,2,0,0,0,13,262,262,2,0,0,2010
97,"Stuckey, Chansi",CLE,35,2.2,16,5,40,59,346,8.7,0,3,9,1,43,355,360,1,0,2,2010
98,"Cribbs, Josh",CLE,34,2.3,15,5,23,35,292,12.7,1,20,66,0,43,377,1340,1,0,0,2010
99,"Alexander, Danario",STL,34,4.3,8,2,20,37,306,15.3,1,0,0,0,20,306,306,1,0,0,2010
100,"Spurlock, Michael",TB,33,2.1,16,1,17,32,250,14.7,2,0,0,0,17,250,1572,3,0,1,2010
101,"Doucet, Early",ARI,31,3.1,10,5,26,59,291,11.2,1,2,5,0,28,296,296,1,0,0,2010
102,"Finneran, Brian",ATL,31,1.9,16,1,19,30,166,8.7,3,0,0,0,19,166,184,3,0,0,2010
103,"Douglas, Harry",ATL,30,1.9,16,4,22,53,294,13.4,1,2,-5,0,24,289,289,1,0,0,2010
104,"Randle El, Antwaan",PIT,30,1.9,16,0,22,36,253,11.5,0,1,2,0,23,297,311,2,0,0,2010
105,"Stokley, Brandon",SEA,30,2.7,11,0,31,43,354,11.4,0,0,0,0,31,354,354,0,0,0,2010
106,"Davis, Craig",SD,29,4.1,7,1,21,39,259,12.3,1,0,0,0,21,259,259,1,0,0,2010
107,"Hill, Jason",SF,28,3.5,8,1,11,21,248,22.5,1,0,0,0,11,248,278,1,0,0,2010
108,"Hagan, Derek",NYG,27,3.9,7,4,24,43,223,9.3,1,0,0,0,24,223,223,1,0,0,2010
109,"Caldwell, Andre",CIN,27,1.9,14,4,21,30,312,14.9,0,1,-2,0,22,310,389,0,0,1,2010
110,"Jones, Donald",BUF,24,1.6,15,5,18,41,213,11.8,1,3,1,0,21,214,334,1,0,0,2010
111,"Camarillo, Greg",MIN,24,1.5,16,1,20,34,240,12,1,0,0,0,20,240,599,1,0,0,2010
112,"Gage, Justin",TEN,23,2.6,9,5,13,28,198,15.2,1,0,0,0,13,198,200,1,0,0,2010
113,"Chambers, Chris",KC,23,1.8,13,7,22,43,213,9.7,1,0,0,0,22,213,213,1,0,0,2010
114,"Charles, Jamaal",KC,23,23,1,1,4,5,61,15.3,0,22,177,0,26,238,238,0,0,0,2010
115,"Washington, Kelley",SD,22,2.8,8,0,13,14,173,13.3,1,0,0,0,13,173,173,1,0,0,2010
116,"Stroughter, Sammie",TB,21,1.8,12,4,24,40,239,10,0,1,2,0,25,241,320,0,0,1,2010
117,"Martin, Ruvell",SEA,21,5.3,4,0,7,9,158,22.6,1,0,0,0,7,158,158,1,0,0,2010
118,"Berrian, Bernard",MIN,21,1.5,14,9,28,54,252,9,0,1,-8,0,29,244,246,0,0,0,2010
119,"Rivers, Philip",SD,21,21,1,1,0,0,0,0,0,2,3,0,2,308,3,2,0,0,2010
120,"Williams, Damian",TEN,19,1.2,16,1,16,28,219,13.7,0,1,5,0,17,224,224,0,0,0,2010
121,"Ginn Jr., Ted",SF,19,1.5,13,0,12,35,163,13.6,1,2,11,0,14,174,1487,2,0,0,2010
122,"Moore, Marlon",MIA,18,2.3,8,0,6,19,128,21.3,1,1,16,0,7,144,195,1,0,0,2010
123,"Tate, Golden",SEA,18,1.8,10,0,19,35,206,10.8,0,2,4,0,21,210,422,0,0,0,2010
124,"Lewis, Greg",MIN,17,1.4,12,5,16,31,193,12.1,0,0,0,0,16,193,193,0,0,0,2010
125,"Johnson, Bryant",DET,17,1.2,14,7,18,49,210,11.7,0,0,0,0,18,210,210,0,1,0,2010
126,"Hall, Chad",PHI,16,1.8,9,1,11,18,115,10.5,1,9,29,0,20,144,240,1,0,0,2010
127,"Cooper, Riley",PHI,16,1.2,13,2,7,18,116,16.6,1,0,0,0,7,116,125,1,0,0,2010
128,"Tucker, Verran",KC,15,1.4,11,2,6,19,114,19,1,0,0,0,6,114,187,1,0,0,2010
129,"Decker, Eric",DEN,14,1,14,0,6,8,106,17.7,1,0,0,0,6,106,662,1,0,1,2010
130,"Galloway, Joey",WAS,14,1.4,10,3,12,38,173,14.4,0,0,0,0,12,173,173,0,0,0,2010
131,"Briscoe, Dezmon",TB,14,7,2,0,6,7,93,15.5,1,0,0,0,6,93,93,1,0,0,2010
132,"Brown, Antonio",PIT,14,1.6,9,0,16,15,167,10.4,0,0,0,0,16,167,674,1,0,0,2010
133,"Mathews, Ryan",SD,13,13,1,0,3,3,28,9.3,0,12,55,1,15,83,83,1,0,0,2010
134,"Roosevelt, Naaman",BUF,13,2.2,6,1,9,17,139,15.4,0,1,3,0,10,142,173,0,0,0,2010
135,"Stovall, Maurice",TB,13,1.1,12,1,7,9,81,11.6,1,0,0,0,7,81,81,1,0,0,2010
136,"Davis, Rashied",CHI,13,0.9,14,0,9,14,84,9.3,1,0,0,0,9,84,154,1,0,0,2010
137,"Aromashodu, Devin",CHI,13,0.9,14,2,10,24,149,14.9,0,0,0,0,10,149,149,0,0,0,2010
138,"McCluster, Dexter",KC,11,1.4,8,4,13,30,112,8.6,0,13,41,0,26,153,751,1,0,1,2010
139,"Copper, Terrance",KC,11,0.7,16,3,18,28,157,8.7,0,0,0,0,18,157,183,0,0,0,2010
140,"Stallworth, Donte",BAL,11,1.6,7,0,2,4,82,41,0,5,45,0,7,127,127,0,0,1,2010
141,"Clowney, David",NYJ,10,0.8,13,0,7,16,124,17.7,0,0,0,0,7,124,124,0,0,0,2010
142,"Underwood, Tiquan",JAX,10,1,10,0,8,22,111,13.9,0,0,0,0,8,111,672,0,0,0,2010
143,"Osgood, Kassim",JAX,10,0.6,16,3,6,15,60,10,1,0,0,0,6,60,60,1,0,0,2010
144,"Schilens, Chaz",OAK,9,1.8,5,0,5,9,40,8,1,0,0,0,5,40,40,1,0,0,2010
145,"Hurd, Sam",DAL,9,0.6,15,0,14,19,120,8.6,0,0,0,0,14,120,120,0,0,0,2010
146,"Anderson, David",HOU,8,0.7,12,1,11,18,117,10.6,0,0,0,0,11,117,143,0,0,0,2010
147,"Higgins, Johnnie Lee",OAK,8,0.6,13,1,10,30,103,10.3,0,0,0,0,10,103,226,0,0,0,2010
148,"Komar, Max",ARI,8,1,8,0,12,22,117,9.8,0,0,0,0,12,117,148,0,0,1,2010
149,"Williams, Roydell",WAS,8,0.5,16,0,8,18,109,13.6,0,0,0,0,8,109,109,0,0,0,2010
150,"Williams, Stephen",ARI,8,0.7,11,3,9,23,101,11.2,0,0,0,0,9,101,115,0,0,0,2010
151,"Zeigler, Dominique",SF,8,0.7,11,0,9,15,98,10.9,0,0,0,0,9,98,98,0,0,0,2010
152,"Logan, Stefan",DET,8,0.5,16,0,0,1,0,0,0,15,95,0,15,95,1905,1,0,1,2010
153,"Edelman, Julian",NE,8,0.5,15,3,7,14,86,12.3,0,2,14,0,9,100,421,1,0,0,2010
154,"King, Jeff",CAR,7,3.5,2,2,1,1,16,16,1,0,0,0,1,16,16,1,0,0,2010
155,"Arrington, Adrian",NO,7,7,1,0,7,9,79,11.3,0,0,0,0,7,79,79,0,0,0,2010
156,"Swain, Brett",GB,6,0.4,14,1,6,9,72,12,0,0,0,0,6,72,72,0,0,0,2010
157,"Gonzalez, Anthony",IND,6,3,2,0,5,9,67,13.4,0,0,0,0,5,67,67,0,0,0,2010
158,"Gilyard, Mardy",STL,5,0.5,11,2,6,16,63,10.5,0,0,0,0,6,63,419,0,0,1,2010
159,"Barden, Ramses",NYG,5,0.8,6,0,5,7,64,12.8,0,0,0,0,5,64,64,0,0,0,2010
160,"Hawkins, Lavelle",TEN,5,0.8,6,0,5,6,61,12.2,0,0,0,0,5,61,61,0,0,0,2010
161,"Price, Taylor",NE,4,2,2,0,3,4,41,13.7,0,0,0,0,3,41,41,0,0,0,2010
162,"Weems, Eric",ATL,4,0.3,16,4,6,6,61,10.2,0,0,0,0,6,61,1391,2,0,0,2010
163,"Jarrett, Dwayne",CAR,4,1.3,3,0,2,5,40,20,0,0,0,0,2,40,40,0,0,0,2010
164,"Austin, Terrence",WAS,4,0.8,5,0,3,5,47,15.7,0,0,0,0,3,47,62,0,0,0,2010
165,"Wilson, Kris",SD,3,3,1,1,1,1,37,37,0,0,0,0,1,37,37,0,0,0,2010
166,"Ogletree, Kevin",DAL,3,0.6,5,0,3,6,34,11.3,0,0,0,0,3,34,143,0,0,0,2010
167,"Wallace, Roberto",MIA,3,0.3,12,0,6,10,62,10.3,0,0,0,0,6,62,62,0,0,0,2010
168,"James, Brandon",IND,3,1,3,0,6,11,40,6.7,0,0,0,0,6,40,304,0,0,0,2010
169,"Bennett, Martellus",DAL,3,1.5,2,2,5,7,37,7.4,0,0,0,0,5,37,37,0,0,0,2010
170,"Miller, Nick",OAK,3,0.3,10,0,3,4,40,13.3,0,0,0,0,3,40,334,0,0,1,2010
171,"Parker, Preston",TB,3,0.3,9,0,4,9,42,10.5,0,1,7,0,5,49,227,0,0,0,2010
172,"Turner, Patrick",NYJ,2,0.4,5,0,2,2,26,13,0,0,0,0,2,26,26,0,0,0,2010
173,"James, William",SF,2,2,1,0,0,0,0,0,0,0,0,0,0,0,0,0,0,0,2010
174,"Sperry, Kory",SD,2,2,1,1,2,2,21,10.5,0,0,0,0,2,21,21,0,0,0,2010
175,"Goodman, Richard",SD,2,0.7,3,0,1,2,25,25,0,0,0,0,1,25,25,0,0,1,2010
176,"Willis, Matthew",DEN,1,0.2,6,0,1,2,17,17,0,0,0,0,1,17,17,0,0,0,2010
177,"Clayton, Michael",NYG,1,0.2,6,0,2,4,19,9.5,0,0,0,0,2,19,19,0,0,0,2010
178,"Figurs, Yamon",OAK,1,0.5,2,0,2,2,17,8.5,0,1,-4,0,3,13,128,0,0,0,2010
179,"Banks, Brandon",WAS,1,0.1,13,0,2,5,10,5,0,2,6,0,4,16,1602,1,0,0,2010
180,"Baskett, Hank",PHI,1,0.1,8,0,1,4,18,18,0,0,0,0,1,18,18,0,0,0,2010
181,"Reed, David",BAL,1,0.1,14,0,0,1,0,0,0,1,15,0,1,15,631,1,0,0,2010
182,"Cosby, Quan",CIN,1,0.1,16,0,2,2,16,8,0,0,0,0,2,16,368,0,0,0,2010
183,"Kelly, Reggie",CIN,0,0,1,1,0,0,0,0,0,0,0,0,0,0,0,0,0,0,2010
184,"Roby, Courtney",NO,0,0,13,0,0,0,0,0,0,0,0,0,0,0,785,0,0,1,2010
185,"Spaeth, Matt",PIT,0,0,1,1,0,0,0,0,0,0,0,0,0,0,0,0,0,0,2010
186,"Davis, Britt",DEN,0,0,3,0,0,0,0,0,0,0,0,0,0,0,0,0,0,0,2010
187,"Epps, Dedrick",MIA,0,0,3,0,0,0,0,0,0,0,0,0,0,0,0,0,0,0,2010
188,"Townsel, Derrick",HOU,0,0,1,0,0,0,0,0,0,0,0,0,0,0,0,0,0,0,2010
189,"Battle, Arnaz",PIT,0,0,14,0,0,2,0,0,0,0,0,0,0,0,0,0,0,0,2010
190,"Royal, Robert",CLE,0,0,1,1,0,0,0,0,0,0,0,0,0,0,0,0,0,0,2010
191,"Thomas, Devin",WAS,0,0,10,0,0,1,0,0,0,0,0,0,0,0,399,0,0,0,2010
192,"Martin, Charly",CAR,0,0,2,0,0,0,0,0,0,0,0,0,0,0,0,0,0,0,2010
193,"Calhoun, Duke",NYG,0,0,9,0,1,2,4,4,0,0,0,0,1,4,4,0,0,0,2010
194,"Smith, Marcus",BAL,0,0,14,0,0,0,0,0,0,0,0,0,0,0,0,0,0,0,2010
195,"Williams, Derrick",DET,0,0,6,1,1,3,7,7,0,0,0,0,1,7,7,0,0,0,2010
196,"Stephens-Howling, LaRod",ARI,0,0,1,1,1,2,2,2,0,1,6,0,2,8,110,0,0,0,2010
197,"Edwards, Armanti",CAR,0,0,3,0,0,2,0,0,0,1,7,0,1,7,7,0,0,0,2010
198,"Hubbard, Paul",BUF,0,0,1,1,1,3,8,8,0,0,0,0,1,8,8,0,0,0,2010
199,"Barnidge, Gary",CAR,0,0,1,1,0,0,0,0,0,0,0,0,0,0,0,0,0,0,2010
200,"Cruz, Victor",NYG,0,0,3,0,0,0,0,0,0,0,0,0,0,0,0,0,0,0,2010
201,"Humphrey, Tory",NO,0,0,1,1,0,0,0,0,0,0,0,0,0,0,0,0,0,0,2010
202,"Quinn, Richard",DEN,0,0,1,1,0,0,0,0,0,0,0,0,0,0,0,0,0,0,2010
203,"McMichael, Randy",SD,0,0,1,1,0,2,0,0,0,0,0,0,0,0,0,0,0,0,2010
204,"Clark, Brian",DET,0,0,4,0,0,1,0,0,0,0,0,0,0,0,0,0,0,0,2010
205,"Matthews, John",JAX,0,0,3,0,0,1,0,0,0,0,0,0,0,0,0,0,0,0,2010
206,"Mitchell, Carlton",CLE,0,0,5,0,0,1,0,0,0,1,9,0,1,9,9,0,0,0,2010
207,"Baker, Chris",SEA,0,0,1,1,1,1,8,8,0,0,0,0,1,8,8,0,0,0,2010
208,"Banks, Gary",SD,0,0,1,1,0,2,0,0,0,0,0,0,0,0,0,0,0,0,2010
209,"Jones, Onrea",ARI,0,0,2,0,0,0,0,0,0,0,0,0,0,0,0,0,0,0,2010
210,"Moore, Evan",CLE,0,0,1,1,0,0,0,0,0,0,0,0,0,0,0,0,0,0,2010
211,"Dickerson, Dorin",HOU,0,0,7,0,0,0,0,0,0,0,0,0,0,0,0,0,0,0,2010
212,"Brooks, Chris",IND,0,0,1,0,0,0,0,0,0,0,0,0,0,0,0,0,0,0,2010
213,"Reynaud, Darius",NYG,0,0,9,0,0,0,0,0,0,0,0,0,0,0,518,0,0,0,2010
214,"Johnson, Manuel",DAL,0,0,2,0,1,5,6,6,0,0,0,0,1,6,6,0,0,0,2010
215,"Williams, Kyle",SF,0,0,4,0,1,1,8,8,0,0,0,0,1,8,106,0,0,0,2010
216,"Hubbard, Paul",BUF,0,0,1,1,1,3,8,8,0,0,0,0,1,8,8,0,0,0,2010
217,"Curtis, Kevin",MIA,0,0,2,0,1,2,6,6,0,1,6,0,2,12,12,0,0,0,2010
218,"Horne, Jeremy",KC,0,0,3,0,0,1,0,0,0,0,0,0,0,0,0,0,0,0,2010
219,"Wilson, Kion",SD,0,0,1,0,0,0,0,0,0,0,0,0,0,0,0,0,0,0,2010
220,"Harper, Rod",NO,0,0,2,0,0,0,0,0,0,0,0,0,0,0,0,0,0,0,2010
221,"Moore, Kenneth",IND,0,0,2,0,0,0,0,0,0,0,0,0,0,0,138,0,0,1,2010
222,"Curry, Dominique",STL,0,0,2,0,0,0,0,0,0,0,0,0,0,0,0,0,0,0,2010
223,"Mariani, Marc",TEN,0,0,16,0,0,2,0,0,0,0,0,0,0,0,1859,2,0,2,2010
224,"Aiken, Sam",CLE,0,0,3,0,1,1,7,7,0,0,0,0,1,7,7,0,0,0,2010
225,"Morrah, Cameron",SEA,0,0,1,1,1,2,6,6,0,0,0,0,1,6,6,0,0,0,2010
226,"Smith, Taj",IND,0,0,5,0,0,0,0,0,0,0,0,0,0,0,0,0,0,0,2010
227,"Williams, Demetrius",CLE,0,0,2,0,0,2,0,0,0,0,0,0,0,0,0,0,0,0,2010
228,"Holley, Jesse",DAL,0,0,12,0,0,0,0,0,0,0,0,0,0,0,2,0,0,0,2010
229,"Slater, Matt",NE,0,0,15,0,0,1,0,0,0,0,0,0,0,0,0,0,0,0,2010
230,"Clifton, Chad",GB,0,0,1,1,0,0,0,0,0,0,0,0,0,0,0,0,0,0,2010
231,"Hubbard, Paul",BUF,0,0,1,1,1,3,8,8,0,0,0,0,1,8,8,0,0,0,2010
1,"Johnson, Calvin",DET,256,16,16,16,96,158,1681,17.5,16,1,11,0,97,1692,1692,16,0,1,2011
2,"Nelson, Jordy",GB,210,13.1,16,9,68,95,1263,18.6,15,0,0,0,68,1263,1263,15,0,0,2011
3,"Welker, Wes",NE,206,12.9,16,15,122,173,1569,12.9,9,4,30,0,126,1599,1681,9,0,0,2011
4,"Cruz, Victor",NYG,201,12.6,16,7,82,131,1536,18.7,9,1,3,0,83,1539,1551,9,0,1,2011
5,"Fitzgerald, Larry",ARI,181,11.3,16,16,80,154,1411,17.6,8,0,0,0,80,1411,1411,8,0,0,2011
6,"Smith, Steve",CAR,179,11.2,16,16,79,129,1394,17.6,7,6,56,0,85,1450,1450,7,1,2,2011
7,"White, Roddy",ATL,172,10.8,16,16,100,179,1296,13,8,0,0,0,100,1296,1296,8,0,0,2011
8,"Wallace, Mike",PIT,164,10.3,16,14,72,114,1193,16.6,8,5,57,0,77,1250,1250,8,0,1,2011
9,"Harvin, Percy",MIN,163,10.2,16,14,87,120,967,11.1,6,52,345,2,139,1312,1832,9,0,2,2011
10,"Jackson, Vincent",SD,162,10.1,16,16,60,115,1106,18.4,9,3,51,0,63,1157,1157,9,0,0,2011
11,"Colston, Marques",NO,156,11.1,14,7,80,107,1143,14.3,8,0,0,0,80,1143,1143,8,0,1,2011
12,"Nicks, Hakeem",NYG,151,10.1,15,15,76,133,1192,15.7,7,0,0,0,76,1192,1192,7,0,0,2011
13,"Marshall, Brandon",MIA,151,9.4,16,16,81,141,1214,15,6,1,13,0,82,1227,1227,6,0,1,2011
14,"Robinson, Laurent",DAL,145,10.4,14,4,54,80,858,15.9,11,0,0,0,54,858,858,11,0,0,2011
15,"Washington, Nate",TEN,145,9.1,16,15,74,121,1023,13.8,7,2,5,1,76,1028,1028,8,0,0,2011
16,"Green, A.J.",CIN,144,9.6,15,15,65,115,1057,16.3,7,5,53,0,70,1110,1110,7,0,0,2011
17,"Bryant, Dez",DAL,141,9.4,15,13,63,103,928,14.7,9,1,5,0,64,933,1091,9,0,1,2011
18,"Jones, Julio",ATL,141,10.8,13,13,54,94,959,17.8,8,6,56,0,60,1015,1015,8,0,1,2011
19,"Bowe, Dwayne",KC,137,8.6,16,14,81,142,1159,14.3,5,1,12,0,82,1171,1171,5,0,0,2011
20,"Johnson, Stevie",BUF,134,8.4,16,15,76,133,1004,13.2,7,0,0,0,76,1004,1004,7,0,0,2011
21,"Jennings, Greg",GB,133,11.1,12,12,61,93,903,14.8,8,0,0,0,61,903,903,8,0,0,2011
22,"Garcon, Pierre",IND,126,7.9,16,16,70,134,947,13.5,6,4,28,0,74,975,1019,6,0,2,2011
23,"Smith, Torrey",BAL,123,7.7,16,14,50,95,841,16.8,7,4,39,0,54,880,904,7,0,0,2011
24,"Lloyd, Brandon",DEN,120,8,15,15,70,150,966,13.8,5,0,0,0,70,966,966,5,0,0,2011
25,"Gaffney, Jabar",WAS,119,7.4,16,16,68,115,947,13.9,5,0,0,0,68,947,947,5,0,1,2011
26,"Jackson, DeSean",PHI,117,7.8,15,15,58,104,961,16.6,4,7,41,0,65,1002,1123,4,0,1,2011
27,"Heyward-Bey, Darrius",OAK,116,7.7,15,14,64,115,975,15.2,4,0,0,0,64,975,975,4,0,1,2011
28,"Brown, Antonio",PIT,116,7.3,16,3,69,124,1108,16.1,2,7,41,0,76,1149,2211,3,0,0,2011
29,"Wayne, Reggie",IND,113,7.1,16,16,75,132,960,12.8,4,0,0,0,75,960,960,4,0,0,2011
30,"Moore, Lance",NO,111,7.9,14,7,52,73,627,12.1,8,0,0,0,52,627,627,8,2,0,2011
31,"Maclin, Jeremy",PHI,111,8.5,13,13,63,96,859,13.6,5,1,1,0,64,860,889,5,0,1,2011
32,"Holmes, Santonio",NYJ,110,6.9,16,16,51,98,654,12.8,8,3,27,0,54,681,681,8,0,1,2011
33,"Floyd, Malcom",SD,108,9,12,9,43,70,856,19.9,5,0,0,0,43,856,856,5,0,0,2011
34,"Crabtree, Michael",SF,108,7.2,15,14,72,114,874,12.1,4,1,6,0,73,880,880,4,1,0,2011
35,"Decker, Eric",DEN,104,6.5,16,13,44,94,612,13.9,8,1,1,0,45,613,796,9,0,1,2011
36,"Burress, Plaxico",NYJ,102,6.4,16,13,45,96,612,13.6,8,0,0,0,45,612,612,8,0,0,2011
37,"Boldin, Anquan",BAL,101,7.2,14,14,57,106,887,15.6,3,0,0,0,57,887,887,3,0,0,2011
38,"Jones, James",GB,99,6.2,16,0,38,55,635,16.7,7,0,0,0,38,635,635,7,0,0,2011
39,"Baldwin, Doug",SEA,99,6.2,16,1,51,85,788,15.5,4,1,-2,0,52,786,823,4,0,0,2011
40,"Moore, Denarius",OAK,98,7.5,13,10,33,76,618,18.7,5,5,61,1,38,679,932,6,0,0,2011
41,"Austin, Miles",DAL,97,9.7,10,10,43,73,579,13.5,7,2,3,0,45,582,582,7,0,0,2011
42,"Burleson, Nate",DET,94,5.9,16,11,73,110,757,10.4,3,11,85,0,84,842,842,3,0,1,2011
43,"Young, Titus",DET,94,5.9,16,9,48,85,607,12.6,6,2,15,0,50,622,622,6,1,0,2011
44,"Doucet, Early",ARI,94,5.9,16,6,54,97,689,12.8,5,0,0,0,54,689,689,5,0,0,2011
45,"Branch, Deion",NE,93,6.2,15,15,51,87,702,13.8,5,0,0,0,51,702,702,5,0,0,2011
46,"Meachem, Robert",NO,92,5.8,16,8,40,60,620,15.5,6,4,18,0,44,638,638,6,0,0,2011
47,"Simpson, Jerome",CIN,91,5.7,16,14,50,105,725,14.5,4,0,0,0,50,725,725,4,0,0,2011
48,"Nelson, David",BUF,90,5.6,16,13,61,98,658,10.8,5,0,0,0,61,658,658,5,0,0,2011
49,"Williams, Mike",TB,89,5.6,16,15,65,124,771,11.9,3,1,3,0,66,774,774,3,0,2,2011
50,"Breaston, Steve",KC,87,5.4,16,13,61,98,785,12.9,2,1,25,0,62,810,810,2,0,0,2011
51,"Williams, Damian",TEN,83,5.5,15,13,45,94,592,13.2,5,0,0,0,45,592,592,5,0,0,2011
52,"Knox, Johnny",CHI,78,5.6,14,11,37,69,727,19.6,2,0,0,0,37,727,1133,2,0,1,2011
53,"Little, Greg",CLE,78,4.9,16,12,61,120,709,11.6,2,3,15,0,64,724,724,2,0,0,2011
54,"Moss, Santana",WAS,77,6.4,12,12,46,95,584,12.7,4,0,0,0,46,584,584,4,0,0,2011
55,"Driver, Donald",GB,74,4.6,16,15,37,56,445,12,6,0,0,0,37,445,450,6,0,0,2011
56,"LaFell, Brandon",CAR,72,4.8,15,5,35,55,601,17.2,3,0,0,0,35,601,601,3,0,0,2011
57,"Thomas, Demaryius",DEN,72,6.5,11,5,32,70,551,17.2,4,1,5,0,33,556,556,4,0,0,2011
58,"Manningham, Mario",NYG,71,5.9,12,10,39,77,523,13.4,4,0,0,0,39,523,523,4,0,0,2011
59,"Parker, Preston",TB,68,4.3,16,0,40,64,554,13.9,3,1,-3,0,41,551,1200,3,0,3,2011
60,"Briscoe, Dezmon",TB,68,4.5,15,2,33,49,369,11.2,6,0,0,0,33,369,381,6,0,0,2011
61,"Roberts, Andre",ARI,66,4.1,16,16,51,98,586,11.5,2,3,27,0,54,613,643,2,0,0,2011
62,"Cribbs, Josh",CLE,65,4.6,14,5,36,62,439,12.2,4,6,22,0,42,461,1669,5,0,1,2011
63,"Jenkins, Michael",MIN,60,5.5,11,7,38,55,466,12.3,3,0,0,0,38,466,466,3,0,2,2011
64,"Walter, Kevin",HOU,60,4,15,14,39,59,474,12.2,3,0,0,0,39,474,474,3,0,0,2011
65,"Johnson, Andre",HOU,58,8.3,7,7,33,51,492,14.9,2,1,8,0,34,500,500,2,0,0,2011
66,"Williams, Roy",CHI,58,3.9,15,9,37,63,507,13.7,2,0,0,0,37,507,507,2,0,0,2011
67,"Bess, Davone",MIA,58,3.9,15,3,47,78,510,10.9,2,2,9,0,49,519,933,2,0,2,2011
68,"Henderson, Devery",NO,57,3.6,16,13,32,50,503,15.7,2,1,9,0,33,512,512,2,0,0,2011
69,"Rice, Sidney",SEA,57,6.3,9,9,32,57,484,15.1,2,2,3,0,34,542,487,2,0,0,2011
70,"Benn, Arrelious",TB,56,4,14,14,30,51,441,14.7,3,6,-7,0,36,434,434,3,0,0,2011
71,"Jones, Jacoby",HOU,56,3.7,15,10,30,63,512,17.1,2,4,17,0,34,529,1042,3,0,0,2011
72,"Avant, Jason",PHI,55,4.2,13,5,41,62,535,13,1,0,0,0,41,535,535,1,0,2,2011
73,"Hartline, Brian",MIA,52,3.3,16,10,35,66,549,15.7,1,1,9,0,36,558,558,1,0,0,2011
74,"Alexander, Danario",STL,51,5.1,10,4,26,60,431,16.6,2,0,0,0,26,431,431,2,0,0,2011
75,"Obomanu, Ben",SEA,51,3.2,16,8,37,61,436,11.8,2,1,13,0,38,449,449,2,0,0,2011
76,"Douglas, Harry",ATL,51,3.2,16,4,39,62,498,12.8,1,1,3,0,40,501,501,1,0,0,2011
77,"Hill, Jason",JAX,50,5,10,10,25,55,367,14.7,3,0,0,0,25,367,367,3,0,0,2011
78,"Tate, Golden",SEA,50,3.1,16,5,35,58,382,10.9,3,5,14,0,40,396,396,3,0,0,2011
79,"Aromashodu, Devin",MIN,48,3,16,6,26,84,468,18,1,0,0,0,26,468,468,1,0,0,2011
80,"Gibson, Brandon",STL,46,3.1,15,9,36,71,431,12,1,2,16,0,38,447,447,1,0,0,2011
81,"Britt, Kenny",TEN,45,15,3,3,17,26,289,17,3,0,0,0,17,289,289,3,0,1,2011
82,"Ward, Hines",PIT,45,3,15,9,46,63,381,8.3,2,0,0,0,46,381,381,2,0,1,2011
83,"Caldwell, Andre",CIN,45,3.5,13,2,37,68,317,8.6,3,0,0,0,37,317,317,3,0,0,2011
84,"Thomas, Mike",JAX,43,2.9,15,13,44,91,415,9.4,1,3,11,0,47,426,514,1,0,0,2011
85,"Hawkins, Lavelle",TEN,42,2.6,16,2,47,77,470,10,1,0,0,0,47,470,470,1,0,0,2011
86,"Sanzenbacher, Dane",CHI,41,2.6,16,1,27,54,276,10.2,3,1,-4,0,28,272,272,3,0,0,2011
87,"Williams, Kyle",SF,41,3.2,13,1,20,31,241,12.1,3,2,32,0,22,273,418,3,0,0,2011
88,"Hester, Devin",CHI,40,2.5,16,8,26,56,369,14.2,1,1,-6,0,27,363,1540,4,0,0,2011
89,"Bennett, Earl",CHI,40,3.6,11,4,24,43,381,15.9,1,0,0,0,24,381,397,1,0,1,2011
90,"Stallworth, Donte",WAS,39,3.5,11,0,22,38,309,14,2,2,1,0,24,310,310,2,0,0,2011
91,"Collie, Austin",IND,39,3.5,11,0,34,65,369,10.9,1,0,0,0,34,369,369,1,0,0,2011
92,"Sanders, Emmanuel",PIT,38,3.5,11,0,22,43,288,13.1,2,0,0,0,22,303,403,2,0,0,2011
93,"Cobb, Randall",GB,38,2.5,15,0,25,31,375,15,1,2,5,0,27,380,1616,3,0,3,2011
94,"Massaquoi, Mohamed",CLE,38,2.7,14,13,31,74,384,12.4,2,0,0,0,31,384,384,2,0,0,2011
95,"Naanee, Legedu",CAR,36,2.8,13,9,31,60,343,11.1,1,0,0,0,31,370,343,1,0,0,2011
96,"Kerley, Jeremy",NYJ,35,2.5,14,0,29,48,314,10.8,1,5,28,0,34,383,674,1,0,1,2011
97,"Schilens, Chaz",OAK,35,2.3,15,5,23,34,271,11.8,2,0,0,0,23,271,271,2,0,0,2011
98,"Ford, Jacoby",OAK,34,4.3,8,3,19,33,279,14.7,1,4,31,0,23,310,651,2,0,1,2011
99,"Brown, Vincent",SD,34,2.4,14,4,19,40,329,17.3,2,0,0,0,19,329,329,2,0,0,2011
100,"Cooper, Riley",PHI,34,2.1,16,3,16,35,315,19.7,1,0,0,0,16,315,331,1,0,0,2011
101,"Cotchery, Jerricho",PIT,33,2.5,13,0,16,30,237,14.8,2,1,3,0,17,240,259,2,0,0,2011
102,"Murphy, Louis",OAK,33,3,11,1,15,33,241,16.1,0,6,69,1,21,310,310,1,0,0,2011
103,"Dillard, Jarett",JAX,30,2.1,14,5,29,50,292,10.1,1,0,0,0,29,292,302,1,0,1,2011
104,"Johnson, Chad",NE,29,1.9,15,3,15,32,276,18.4,1,0,0,0,15,276,276,1,0,0,2011
105,"Roosevelt, Naaman",BUF,28,2.5,11,0,16,26,257,16.1,1,0,0,0,16,257,257,1,0,0,2011
106,"Willis, Matthew",DEN,28,1.8,16,0,18,36,267,14.8,1,0,0,0,18,267,430,1,0,0,2011
107,"Norwood, Jordan",CLE,28,2,14,4,23,34,268,11.7,1,0,0,0,23,268,303,1,0,0,2011
108,"Jones, Donald",BUF,27,3.4,8,8,23,46,231,10,1,1,2,0,24,233,233,1,0,0,2011
109,"Crayton, Patrick",SD,27,1.9,14,1,23,34,248,10.8,1,0,0,0,23,248,450,1,0,0,2011
110,"Williams, Mike",SEA,27,2.3,12,10,18,38,236,13.1,1,0,0,0,18,236,236,1,0,0,2011
111,"Hagan, Derek",OAK,27,2.7,10,3,24,42,252,10.5,1,0,0,0,24,252,252,1,0,0,2011
112,"Baldwin, Jonathan",KC,26,2.4,11,3,21,52,254,12.1,1,0,0,0,21,254,254,1,0,0,2011
113,"Morgan, Josh",SF,25,5,5,5,15,18,220,14.7,1,0,0,0,15,220,220,1,0,0,2011
114,"West, Chastin",JAX,24,2,12,1,13,27,163,12.5,2,0,0,0,13,163,163,2,0,0,2011
115,"Salas, Greg",STL,23,3.8,6,1,27,38,264,9.8,0,1,8,0,28,272,301,0,0,1,2011
116,"Ginn Jr., Ted",SF,23,1.6,14,3,19,33,220,11.6,0,8,68,0,27,288,1554,2,0,0,2011
117,"Smith, Brad",BUF,22,3.1,7,5,18,33,180,10,1,7,23,0,25,203,231,1,0,0,2011
118,"Hawkins, Andrew",CIN,21,1.6,13,0,23,34,263,11.4,0,5,25,0,28,288,288,0,0,0,2011
119,"Pettis, Austin",STL,21,1.8,12,3,27,48,256,9.5,0,1,-6,0,28,250,451,0,0,0,2011
120,"Royal, Eddie",DEN,21,1.8,12,8,19,49,155,8.2,1,7,48,0,26,203,444,2,0,0,2011
121,"Armstrong, Anthony",WAS,21,1.5,14,2,7,25,103,14.7,2,2,19,0,9,122,150,2,0,0,2011
122,"Houshmandzadeh, T.J.",OAK,18,2,9,0,11,19,146,13.3,1,0,0,0,11,146,146,1,0,0,2011
123,"Hankerson, Leonard",WAS,17,4.3,4,2,13,19,163,12.5,0,0,0,0,13,163,163,0,1,0,2011
124,"Lockette, Ricardo",SEA,16,8,2,0,2,4,105,52.5,1,0,0,0,2,105,105,1,0,0,2011
125,"Holley, Jesse",DAL,15,0.9,16,0,7,7,169,24.1,0,0,0,0,7,169,184,0,0,0,2011
126,"Edwards, Braylon",SF,15,1.7,9,5,15,36,181,12.1,0,0,0,0,15,181,181,0,0,0,2011
127,"Smith, Steve",PHI,15,1.7,9,1,11,21,124,11.3,1,0,0,0,11,124,124,1,0,0,2011
128,"Turner, Patrick",NYJ,14,0.9,15,1,8,15,96,12,1,0,0,0,8,96,95,1,0,0,2011
129,"Ogletree, Kevin",DAL,13,0.9,14,1,15,26,164,10.9,0,2,3,0,17,167,316,0,0,1,2011
130,"Johnson, Bryant",HOU,13,0.9,15,0,6,13,90,15,1,1,1,0,7,91,91,1,0,0,2011
131,"Sims-Walker, Mike",STL,13,2.2,6,4,12,33,150,12.5,0,0,0,0,12,150,150,0,0,0,2011
132,"Anderson, David",HOU,12,2,6,0,7,15,79,11.3,1,0,0,0,7,79,79,1,0,0,2011
133,"Austin, Terrence",WAS,11,0.8,13,0,12,26,137,11.4,0,0,0,0,12,137,137,0,0,1,2011
134,"Mason, Derrick",NYJ,11,0.9,12,2,19,35,170,8.9,0,0,0,0,19,170,170,0,0,0,2011
135,"McCluster, Dexter",KC,10,5,2,1,9,11,15,1.7,0,17,96,0,26,111,209,0,0,1,2011
136,"Avery, Donnie",TEN,10,1.3,8,0,3,11,45,15,1,0,0,0,3,45,45,1,0,0,2011
137,"Hixon, Domenik",NYG,10,5,2,0,4,6,50,12.5,1,0,0,0,4,50,81,1,0,0,2011
138,"Copper, Terrance",KC,10,0.6,16,2,8,12,114,14.3,0,0,0,0,8,114,126,0,0,0,2011
139,"Hurd, Sam",CHI,9,0.8,12,0,8,15,109,13.6,0,0,0,0,8,109,133,0,0,0,2011
140,"Hernandez, Aaron",NE,9,9,1,0,4,5,35,8.8,1,0,0,0,4,35,35,1,0,0,2011
141,"Camarillo, Greg",MIN,9,0.7,13,0,9,24,121,13.4,0,0,0,0,9,121,121,0,0,0,2011
142,"Jones-Drew, Maurice",JAX,9,9,1,1,3,4,19,6.3,0,18,88,0,21,107,107,0,0,0,2011
143,"Shorts, Cecil",JAX,8,0.8,10,0,2,12,30,15,1,0,0,0,2,30,162,1,0,0,2011
144,"Urban, Jerheme",KC,8,1.3,6,1,4,13,35,8.8,1,1,7,0,5,42,42,1,0,0,2011
145,"Hall, Chad",PHI,8,1.1,7,0,3,9,20,6.7,1,3,13,0,6,33,152,1,0,0,2011
146,"Martin, Ruvell",BUF,8,0.6,14,0,7,16,82,11.7,0,0,0,0,7,82,82,0,0,0,2011
147,"Berrian, Bernard",MIN,8,1.6,5,1,7,23,91,13,0,0,0,0,7,91,91,0,0,0,2011
148,"Weems, Eric",ATL,7,0.4,16,2,11,14,90,8.2,0,0,0,0,11,90,968,0,0,0,2011
149,"Banks, Brandon",WAS,7,0.4,16,0,1,1,10,10,0,1,1,0,2,60,1513,1,0,0,2011
150,"Barden, Ramses",NYG,6,0.8,8,0,9,19,94,10.4,0,0,0,0,9,94,94,0,0,0,2011
151,"Colbert, Keary",KC,6,0.9,7,0,9,12,89,9.9,0,0,0,0,9,89,89,0,0,0,2011
152,"Evans, Lee",BAL,6,0.7,9,2,4,26,74,18.5,0,0,0,0,4,74,74,0,0,0,2011
153,"Moore, Marlon",MIA,6,1,6,0,0,0,0,0,0,0,0,0,0,0,0,0,0,0,2011
154,"Stroughter, Sammie",TB,5,0.8,6,0,4,7,52,13,0,0,0,0,4,52,592,0,0,1,2011
155,"Davis, Rashied",DET,5,0.5,11,0,4,5,63,15.8,0,0,0,0,4,63,97,0,0,0,2011
156,"Spiller, C.J.",BUF,4,1.3,3,3,9,12,66,7.3,0,3,2,0,12,68,227,0,0,0,2011
157,"Slater, Matt",NE,4,0.3,13,0,1,3,46,46,0,0,0,0,1,46,114,0,0,1,2011
158,"Amendola, Danny",STL,4,4,1,1,5,6,45,9,0,0,0,0,5,45,45,0,0,0,2011
159,"Williams, LaQuan",BAL,3,0.3,12,0,4,12,46,11.5,0,0,0,0,4,46,155,0,0,0,2011
160,"Price, Taylor",NE,3,0.6,5,0,2,4,39,19.5,0,0,0,0,2,39,39,0,0,0,2011
161,"Butler, Deon",SEA,3,0.6,5,0,6,7,51,8.5,0,0,0,0,6,51,51,0,0,0,2011
162,"Osgood, Kassim",JAX,3,0.3,12,2,5,11,42,8.4,0,0,0,0,5,42,42,0,0,0,2011
163,"Durham, Kris",SEA,3,1,3,0,3,4,30,10,0,0,0,0,3,30,30,0,0,0,2011
164,"Thomas, Devin",NYG,3,0.2,16,0,3,3,37,12.3,0,0,0,0,3,37,644,0,0,0,2011
165,"Ware, Danny",NYG,2,2,1,0,0,0,0,0,0,3,22,0,3,22,22,0,0,0,2011
166,"Clayton, Mark",STL,2,1,2,1,3,5,26,8.7,0,0,0,0,3,26,26,0,0,0,2011
167,"Robiskie, Brian",CLE,2,0.3,6,2,3,9,25,8.3,0,0,0,0,3,25,25,0,0,0,2011
168,"Stuckey, Chansi",ARI,2,0.2,9,0,4,8,39,9.8,0,0,0,0,4,39,39,0,0,1,2011
169,"Arrington, Adrian",NO,2,0.5,4,0,2,3,31,15.5,0,0,0,0,2,31,31,0,0,0,2011
170,"Underwood, Tiquan",NE,2,0.4,5,0,3,6,30,10,0,0,0,0,3,30,30,0,0,0,2011
171,"Walters, Bryan",SD,2,0.5,4,0,3,4,27,9,0,0,0,0,3,27,72,0,0,0,2011
172,"Whalen, Ryan",CIN,2,0.4,5,1,4,5,27,6.8,0,0,0,0,4,27,27,0,0,0,2011
173,"Mitchell, Carlton",CLE,2,0.2,11,1,3,4,31,10.3,0,0,0,0,3,31,31,0,0,0,2011
174,"Sampson, DeMarco",ARI,2,0.2,11,0,3,8,36,12,0,0,0,0,3,36,36,0,0,0,2011
175,"Phillips, John",DAL,2,2,1,1,4,5,22,5.5,0,0,0,0,4,22,22,0,0,0,2011
176,"Paul, Niles",WAS,2,0.2,13,2,2,5,25,12.5,0,1,7,0,3,32,47,0,0,0,2011
177,"Logan, Stefan",DET,1,0.1,15,0,0,0,0,0,0,8,27,0,8,27,1092,0,0,2,2011
178,"Shipley, Jordan",CIN,1,0.5,2,0,4,5,14,3.5,0,0,0,0,4,14,14,0,0,0,2011
179,"Arceneaux, Emmanuel",MIN,1,1,1,0,1,2,10,10,0,0,0,0,1,10,10,0,0,0,2011
180,"Parrish, Roscoe",BUF,1,0.5,2,2,1,4,16,16,0,0,0,0,1,16,62,0,0,0,2011
181,"Arceneaux, Emmanuel",MIN,1,0.3,3,0,1,2,10,10,0,0,0,0,1,10,10,0,0,0,2011
182,"Gates, Clyde",MIA,1,0.1,15,0,2,12,19,9.5,0,1,4,0,3,23,898,0,0,0,2011
183,"Edelman, Julian",NE,1,0.1,13,0,4,8,34,8.5,0,4,8,0,8,42,830,1,0,1,2011
184,"Arceneaux, Emmanuel",MIN,1,1,1,0,1,2,10,10,0,0,0,0,1,10,10,0,0,0,2011
185,"Reed, David",BAL,1,0.1,11,0,0,2,0,0,0,1,16,0,1,16,550,0,0,2,2011
186,"Arceneaux, Emmanuel",MIN,1,1,1,0,1,2,10,10,0,0,0,0,1,10,10,0,0,0,2011
187,"Stokley, Brandon",NYG,0,0,2,0,1,3,7,7,0,0,0,0,1,7,7,0,0,0,2011
188,"Hastings, Joe",SF,0,0,1,0,0,1,0,0,0,0,0,0,0,0,0,0,0,0,2011
189,"Saunders, Weslye",PIT,0,0,1,1,0,0,0,0,0,0,0,0,0,0,0,0,0,0,2011
190,"Stovall, Maurice",DET,0,0,15,0,1,4,8,8,0,0,0,0,1,8,8,0,0,0,2011
191,"Battle, Arnaz",PIT,0,0,10,0,0,1,0,0,0,0,0,0,0,0,0,0,0,0,2011
192,"Arceneaux, Emmanuel",MIN,0,0,1,0,0,0,0,0,0,0,0,0,0,0,0,0,0,0,2011
193,"Johnson, Jaymar",ARI,0,0,1,0,0,0,0,0,0,0,0,0,0,0,0,0,0,0,2011
194,"Adams, Darvin",CAR,0,0,2,0,0,0,0,0,0,0,0,0,0,0,0,0,0,0,2011
195,"Cone, Kevin",ATL,0,0,1,0,0,0,0,0,0,0,0,0,0,0,0,0,0,0,2011
196,"Wallace, Roberto",MIA,0,0,2,0,0,1,0,0,0,0,0,0,0,0,0,0,0,0,2011
197,"Aiken, Kamar",BUF,0,0,2,0,0,0,0,0,0,0,0,0,0,0,0,0,0,0,2011
198,"Gilberry, Wallace",KC,0,0,1,0,0,0,0,0,0,0,0,0,0,0,0,0,0,0,2011
199,"Brown, Everette",SD,0,0,1,1,0,0,0,0,0,0,0,0,0,0,0,0,0,0,2011
200,"Jernigan, Jerrel",NYG,0,0,8,0,0,2,0,0,0,0,0,0,0,0,186,0,0,0,2011
201,"Hastings, Joe",SF,0,0,1,0,0,1,0,0,0,0,0,0,0,0,0,0,0,0,2011
202,"Miller, Nick",OAK,0,0,8,0,1,1,8,8,0,0,0,0,1,8,259,1,0,0,2011
203,"Holliday, Trindon",HOU,0,0,1,0,0,0,0,0,0,0,0,0,0,0,0,0,0,0,2011
204,"Gonzalez, Anthony",IND,0,0,8,0,0,2,0,0,0,0,0,0,0,0,0,0,0,0,2011
205,"Goodman, Richard",SD,0,0,16,0,0,2,0,0,0,0,0,0,0,0,936,1,0,0,2011
206,"Maehl, Jeff",HOU,0,0,3,0,0,1,0,0,0,0,0,0,0,0,0,0,0,0,2011
207,"Peelle, Justin",SF,0,0,1,1,0,0,0,0,0,0,0,0,0,0,0,0,0,0,2011
208,"Hastings, Joe",SF,0,0,1,0,0,1,0,0,0,0,0,0,0,0,0,0,0,0,2011
209,"Pruitt, Julius",MIA,0,0,9,0,0,0,0,0,0,0,0,0,0,0,0,0,0,0,2011
210,"Meier, Kerry",ATL,0,0,12,0,0,1,0,0,0,0,0,0,0,0,0,0,0,0,2011
211,"Clutts, Tyler",CHI,0,0,1,1,0,0,0,0,0,0,0,0,0,0,0,0,0,0,2011
212,"Spurlock, Michael",TB,0,0,12,0,2,6,13,6.5,0,0,0,0,2,13,67,0,0,0,2011
213,"Curry, Dominique",STL,0,0,16,0,0,0,0,0,0,0,0,0,0,0,0,0,0,0,2011
214,"Newsome, Jamar",JAX,0,0,2,0,0,1,0,0,0,0,0,0,0,0,0,0,0,0,2011
215,"Mariani, Marc",TEN,0,0,16,0,5,12,24,4.8,0,1,4,0,6,28,1266,1,0,0,2011
216,"Burton, Stephen",MIN,0,0,4,0,0,0,0,0,0,0,0,0,0,0,0,0,0,0,2011
217,"Williams, Stephen",ARI,0,0,3,0,0,0,0,0,0,0,0,0,0,0,0,0,0,0,2011
218,"Doss, Tandon",BAL,0,0,5,0,0,2,0,0,0,0,0,0,0,0,0,0,0,0,2011
219,"Arceneaux, Emmanuel",MIN,0,0,1,0,0,0,0,0,0,0,0,0,0,0,0,0,0,0,2011
220,"White, Blair",IND,0,0,7,0,0,0,0,0,0,0,0,0,0,0,22,0,0,0,2011
221,"Arceneaux, Emmanuel",MIN,0,0,1,0,0,0,0,0,0,0,0,0,0,0,0,0,0,0,2011
222,"Edwards, Armanti",CAR,0,0,16,0,0,0,0,0,0,1,5,0,1,16,216,0,0,0,2011
223,"Jennings, M.D.",GB,0,0,1,1,0,0,0,0,0,0,0,0,0,0,0,0,0,0,2011
224,"Clayton, Michael",NYG,0,0,5,0,0,1,0,0,0,0,0,0,0,0,0,0,0,0,2011
225,"Tate, Brandon",CIN,0,0,16,0,0,0,0,0,0,0,0,0,0,0,1541,1,0,1,2011
226,"Webb, Joe",MIN,0,0,1,1,0,1,0,0,0,1,4,0,1,12,4,0,0,0,2011
227,"Horne, Jeremy",KC,0,0,9,0,0,2,0,0,0,1,5,0,1,5,49,0,0,0,2011
228,"Harris, Dwayne",DAL,0,0,7,0,0,0,0,0,0,0,0,0,0,0,311,0,0,0,2011
229,"Arceneaux, Emmanuel",MIN,0,0,1,0,0,0,0,0,0,0,0,0,0,0,0,0,0,0,2011
230,"Mitchell, Jayme",CLE,0,0,1,0,0,0,0,0,0,0,0,0,0,0,0,0,0,0,2011
231,"Pilares, Kealoha",CAR,0,0,12,0,0,0,0,0,0,0,0,0,0,0,590,1,0,0,2011
232,"Ajirotutu, Seyi",CAR,0,0,14,0,1,2,4,4,0,0,0,0,1,4,4,0,0,0,2011
233,"Komar, Max",CHI,0,0,1,0,0,0,0,0,0,0,0,0,0,0,0,0,0,0,2011
234,"Arceneaux, Emmanuel",MIN,0,0,1,0,0,0,0,0,0,0,0,0,0,0,0,0,0,0,2011
235,"Swain, Brett",SF,0,0,5,1,2,7,15,7.5,0,0,0,0,2,15,15,0,0,0,2011
236,"Arceneaux, Emmanuel",MIN,0,0,1,0,0,0,0,0,0,0,0,0,0,0,0,0,0,0,2011
237,"Roby, Courtney",NO,0,0,16,0,0,0,0,0,0,0,0,0,0,0,0,0,0,0,2011
238,"Yeatman, Will",MIA,0,0,1,1,0,0,0,0,0,0,0,0,0,0,0,0,0,0,2011
239,"Robinson, Michael",SEA,0,0,1,1,0,0,0,0,0,0,0,0,0,0,0,0,0,0,2011
240,"Hastings, Joe",SF,0,0,1,0,0,1,0,0,0,0,0,0,0,0,0,0,0,0,2011
241,"Mastrud, Jeron",MIA,0,0,2,2,0,0,0,0,0,0,0,0,0,0,0,0,0,0,2011
242,"Cosby, Quan",DEN,0,0,10,0,0,0,0,0,0,0,0,0,0,0,726,0,0,1,2011
1,"Johnson, Calvin",DET,220,13.8,16,16,122,204,1964,16.1,5,0,0,0,122,1964,1964,5,0,3,2012
2,"Marshall, Brandon",CHI,210,13.1,16,16,118,192,1508,12.8,11,1,-2,0,119,1506,1506,11,0,0,2012
3,"Bryant, Dez",DAL,205,12.8,16,14,92,138,1382,15,12,2,-5,0,94,1377,1443,12,1,2,2012
4,"Thomas, Demaryius",DEN,197,12.3,16,16,94,141,1434,15.3,10,0,0,0,94,1434,1434,10,0,3,2012
5,"Green, A.J.",CIN,196,12.3,16,16,97,164,1350,13.9,11,4,38,0,101,1388,1388,11,0,1,2012
6,"Jackson, Vincent",TB,181,11.3,16,16,72,147,1384,19.2,8,0,0,0,72,1384,1386,8,1,0,2012
7,"Decker, Eric",DEN,176,11,16,15,85,122,1064,12.5,13,0,0,0,85,1064,1086,13,0,0,2012
8,"Johnson, Andre",HOU,176,11,16,16,112,162,1598,14.3,4,0,0,0,112,1598,1598,4,0,0,2012
9,"Jones, Julio",ATL,173,10.8,16,15,79,128,1198,15.2,10,6,30,0,85,1228,1228,10,0,0,2012
10,"Colston, Marques",NO,170,10.6,16,13,83,130,1154,13.9,10,0,0,0,83,1154,1154,10,0,2,2012
11,"White, Roddy",ATL,169,10.6,16,15,92,143,1351,14.7,7,0,0,0,92,1351,1351,7,0,0,2012
12,"Welker, Wes",NE,165,10.3,16,12,118,175,1354,11.5,6,2,20,0,120,1374,1650,6,0,1,2012
13,"Cruz, Victor",NYG,162,10.1,16,16,86,143,1092,12.7,10,0,0,0,86,1092,1092,10,0,0,2012
14,"Wayne, Reggie",IND,160,10,16,16,106,195,1355,12.8,5,1,-5,0,107,1350,1350,5,0,1,2012
15,"Crabtree, Michael",SF,159,9.9,16,16,85,127,1105,13,9,1,8,0,86,1113,1113,9,0,0,2012
16,"Jones, James",GB,158,9.9,16,16,64,100,784,12.3,14,0,0,0,64,784,784,14,0,0,2012
17,"Williams, Mike",TB,146,9.1,16,16,63,126,996,15.8,9,0,0,0,63,1024,996,9,0,0,2012
18,"Cobb, Randall",GB,146,9.7,15,8,80,104,954,11.9,8,10,132,0,90,1086,2342,9,0,1,2012
19,"Smith, Steve",CAR,137,8.6,16,16,73,138,1174,16.1,4,3,27,0,76,1201,1201,4,0,1,2012
20,"Moore, Lance",NO,137,9.1,15,7,65,104,1041,16,6,0,0,0,65,1041,1046,6,0,0,2012
21,"Shorts, Cecil",JAX,134,9.6,14,9,55,105,979,17.8,7,1,-4,0,56,975,975,7,0,1,2012
22,"Johnson, Stevie",BUF,133,8.3,16,16,79,148,1046,13.2,6,0,0,0,79,1046,1046,6,0,1,2012
23,"Smith, Torrey",BAL,127,7.9,16,16,49,110,855,17.4,8,3,9,0,52,864,864,8,0,0,2012
24,"Hilton, T.Y.",IND,127,8.5,15,1,50,90,861,17.2,7,5,29,0,55,890,1308,8,0,0,2012
25,"Wallace, Mike",PIT,125,8.3,15,14,64,119,836,13.1,8,5,7,0,69,843,843,8,0,1,2012
26,"Austin, Miles",DAL,123,7.7,16,15,66,119,943,14.3,6,0,0,0,66,943,943,6,0,1,2012
27,"Maclin, Jeremy",PHI,121,8.1,15,15,69,122,857,12.4,7,0,0,0,69,857,857,7,0,1,2012
28,"Nelson, Jordy",GB,114,9.5,12,10,49,73,745,15.2,7,0,0,0,49,745,745,7,1,0,2012
29,"Blackmon, Justin",JAX,112,7,16,15,64,132,865,13.5,5,2,23,0,66,888,888,5,1,0,2012
30,"Boldin, Anquan",BAL,111,7.4,15,15,65,112,921,14.2,4,1,3,0,66,924,924,4,1,0,2012
31,"Tate, Golden",SEA,110,7.3,15,15,45,67,688,15.3,7,3,20,0,48,731,708,8,0,1,2012
32,"Moore, Denarius",OAK,110,7.3,15,15,51,114,741,14.5,7,1,-5,0,52,736,768,7,0,0,2012
33,"Lloyd, Brandon",NE,108,6.8,16,15,74,130,911,12.3,4,0,0,0,74,911,911,4,0,0,2012
34,"Rice, Sidney",SEA,108,7.2,15,15,48,77,713,14.9,7,2,6,0,50,744,719,7,0,0,2012
35,"Hartline, Brian",MIA,107,6.7,16,15,74,131,1083,14.6,1,0,0,0,74,1083,1083,1,0,1,2012
36,"Floyd, Malcom",SD,105,7.5,14,14,56,85,814,14.5,5,0,0,0,56,814,814,5,0,0,2012
37,"Alexander, Danario",SD,104,10.4,10,6,37,62,658,17.8,7,0,0,0,37,658,658,7,0,0,2012
38,"Gordon, Josh",CLE,102,6.4,16,13,50,95,805,16.1,5,0,0,0,50,805,805,5,0,1,2012
39,"Moss, Santana",WAS,101,6.3,16,1,41,62,573,14,8,3,14,0,44,587,587,8,0,1,2012
40,"Roberts, Andre",ARI,100,6.7,15,15,64,114,759,11.9,5,4,29,0,68,788,803,5,0,0,2012
41,"Brown, Antonio",PIT,100,7.1,14,11,66,106,787,11.9,5,7,24,0,73,811,994,5,0,2,2012
42,"Fitzgerald, Larry",ARI,99,6.2,16,16,71,156,798,11.2,4,0,0,0,71,798,798,4,0,0,2012
43,"Harvin, Percy",MIN,95,10.6,9,8,62,85,677,10.9,3,22,96,1,84,773,1347,5,0,1,2012
44,"Bowe, Dwayne",KC,93,7.2,13,12,59,114,797,13.5,3,0,0,0,59,797,797,3,0,1,2012
45,"Gibson, Brandon",STL,93,5.8,16,13,51,82,691,13.5,5,0,0,0,51,691,691,5,0,0,2012
46,"Washington, Nate",TEN,90,5.6,16,14,46,90,746,16.2,4,0,0,0,46,746,746,4,0,0,2012
47,"Kerley, Jeremy",NYJ,90,5.6,16,7,56,95,827,14.8,2,5,8,0,61,877,1043,3,0,3,2012
48,"Avery, Donnie",IND,90,5.6,16,15,60,124,781,13,3,4,9,0,64,790,790,3,0,0,2012
49,"Heyward-Bey, Darrius",OAK,89,5.9,15,14,41,80,606,14.8,5,2,16,0,43,622,622,5,0,0,2012
50,"LaFell, Brandon",CAR,88,6.3,14,12,44,76,677,15.4,4,3,35,0,47,712,712,4,0,0,2012
51,"Givens, Chris",STL,85,5.7,15,12,42,80,698,16.6,3,3,12,0,45,710,1249,3,1,0,2012
52,"Garcon, Pierre",WAS,83,8.3,10,10,44,67,633,14.4,4,2,9,0,46,642,642,4,0,0,2012
53,"Nicks, Hakeem",NYG,82,6.3,13,11,53,100,692,13.1,3,0,0,0,53,692,692,3,0,0,2012
54,"Amendola, Danny",STL,82,7.5,11,8,63,101,666,10.6,3,2,8,0,65,674,812,3,1,2,2012
55,"Little, Greg",CLE,81,5.1,16,16,53,92,647,12.2,4,2,15,0,55,662,662,4,0,0,2012
56,"Britt, Kenny",TEN,80,5.7,14,11,45,90,589,13.1,4,0,0,0,45,589,589,4,1,1,2012
57,"Wright, Kendall",TEN,79,5.3,15,5,64,104,626,9.8,4,1,4,0,65,630,630,4,0,1,2012
58,"Stokley, Brandon",DEN,78,5.2,15,9,45,58,544,12.1,5,0,0,0,45,544,544,5,0,0,2012
59,"Bess, Davone",MIA,78,6,13,13,61,105,778,12.8,1,0,0,0,61,778,808,1,0,0,2012
60,"Jackson, DeSean",PHI,76,6.9,11,11,45,87,700,15.6,2,3,-7,0,48,693,690,2,0,0,2012
61,"Streater, Rod",OAK,72,4.5,16,2,39,74,584,15,3,0,0,0,39,584,584,3,1,1,2012
62,"Hawkins, Andrew",CIN,71,5.1,14,2,51,80,533,10.5,4,6,30,0,57,563,563,4,0,0,2012
63,"Hankerson, Leonard",WAS,66,4.1,16,5,38,57,543,14.3,3,2,5,0,40,548,548,3,0,0,2012
64,"Sanders, Emmanuel",PIT,64,4,16,7,44,75,626,14.2,1,1,4,0,45,630,750,1,0,2,2012
65,"Hixon, Domenik",NYG,64,4.9,13,3,39,59,567,14.5,2,0,0,0,39,567,603,2,0,0,2012
66,"Jones, Donald",BUF,64,5.3,12,10,41,67,443,10.8,4,0,0,0,41,443,443,4,0,0,2012
67,"Floyd, Michael",ARI,61,3.8,16,3,45,86,562,12.5,2,0,0,0,45,562,562,2,0,1,2012
68,"Ogletree, Kevin",DAL,61,4.1,15,1,32,55,436,13.6,4,2,9,0,34,445,445,4,0,0,2012
69,"Young, Titus",DET,60,6,10,8,33,56,383,11.6,4,2,16,0,35,399,399,4,0,0,2012
70,"Avant, Jason",PHI,59,4.2,14,6,53,76,648,12.2,0,0,0,0,53,648,648,0,0,0,2012
71,"Morgan, Josh",WAS,58,3.6,16,15,48,73,510,10.6,2,3,25,0,51,535,535,2,0,0,2012
72,"Walter, Kevin",HOU,58,3.6,16,14,41,68,518,12.6,2,0,0,0,41,518,518,2,0,0,2012
73,"Moss, Randy",SF,55,3.4,16,2,28,50,434,15.5,3,0,0,0,28,434,434,3,0,0,2012
74,"Morgan, Joseph",NO,52,3.7,14,5,10,20,379,37.9,3,1,1,0,11,380,380,3,0,0,2012
75,"Jeffery, Alshon",CHI,51,5.1,10,6,24,48,367,15.3,3,0,0,0,24,367,367,3,0,0,2012
76,"Jennings, Greg",GB,51,6.4,8,5,36,62,366,10.2,4,0,0,0,36,366,366,4,0,0,2012
77,"Manningham, Mario",SF,49,4.1,12,10,42,57,449,10.7,1,3,64,0,45,513,513,1,0,1,2012
78,"Jenkins, Michael",MIN,49,3.1,16,8,40,72,449,11.2,2,0,0,0,40,449,449,2,0,0,2012
79,"Baldwin, Doug",SEA,47,3.4,14,5,29,50,366,12.6,3,0,0,0,29,366,369,3,0,0,2012
80,"Pettis, Austin",STL,45,3.2,14,2,30,48,261,8.7,4,0,0,0,30,261,351,4,0,0,2012
81,"McCluster, Dexter",KC,45,3,15,5,46,69,413,9,1,12,70,0,58,483,489,1,0,2,2012
82,"Randle, Rueben",NYG,44,2.8,16,1,19,32,298,15.7,3,0,0,0,19,298,406,3,0,0,2012
83,"Bennett, Earl",CHI,44,3.7,12,4,29,49,375,12.9,2,0,0,0,29,375,401,2,0,0,2012
84,"Benjamin, Travis",CLE,42,3,14,3,18,37,298,16.6,2,6,66,0,24,364,589,3,0,1,2012
85,"Jones, Jacoby",BAL,41,2.6,16,3,30,55,406,13.5,1,1,6,0,31,412,1920,4,0,0,2012
86,"Edelman, Julian",NE,41,4.6,9,3,21,32,235,11.2,3,4,45,0,25,280,581,4,0,1,2012
87,"Wright, Jarius",MIN,40,5.7,7,1,22,36,310,14.1,2,2,11,0,24,321,321,2,0,0,2012
88,"Broyles, Ryan",DET,40,4,10,3,22,32,310,14.1,2,0,0,0,22,310,310,2,0,0,2012
89,"Hill, Stephen",NYJ,40,3.6,11,8,21,47,252,12,3,0,0,0,21,252,252,3,0,0,2012
90,"Robinson, Aldrick",WAS,40,2.7,15,2,11,19,237,21.5,3,1,14,0,12,251,251,3,0,0,2012
91,"Cooper, Riley",PHI,39,3.5,11,5,23,47,248,10.8,3,0,0,0,23,248,262,3,0,0,2012
92,"Underwood, Tiquan",TB,39,3,13,3,23,46,348,15.1,2,1,1,0,24,349,396,2,0,0,2012
93,"Douglas, Harry",ATL,39,2.6,15,1,38,59,395,10.4,1,2,4,0,40,399,449,1,0,0,2012
94,"Burleson, Nate",DET,37,6.2,6,5,27,43,240,8.9,2,8,48,0,35,288,288,2,1,0,2012
95,"Sanu, Mohamed",CIN,36,4.5,8,2,16,25,154,9.6,4,5,15,0,21,169,169,4,0,0,2012
96,"Henderson, Devery",NO,35,2.3,15,9,22,47,316,14.4,1,1,13,0,23,329,329,1,0,0,2012
97,"Schilens, Chaz",NYJ,34,2.3,15,6,28,41,289,10.3,2,0,0,0,28,289,289,2,0,1,2012
98,"Baldwin, Jonathan",KC,33,2.4,14,7,18,42,306,17,1,0,0,0,18,306,306,1,0,0,2012
99,"Murphy, Louis",CAR,32,2,16,5,25,61,336,13.4,1,1,3,0,26,339,339,1,0,0,2012
100,"Smith, Brad",BUF,32,3.2,10,2,11,19,130,11.8,2,7,55,1,18,185,493,3,0,0,2012
101,"Binns, Armon",CIN,31,2.8,11,5,24,40,277,11.5,1,0,0,0,24,277,277,1,0,1,2012
102,"Graham, T.J.",BUF,31,2.1,15,11,31,58,322,10.4,1,1,5,0,32,327,327,1,0,0,2012
103,"Meachem, Robert",SD,30,2,15,3,14,32,207,14.8,2,1,-6,0,15,201,201,2,0,0,2012
104,"Holmes, Santonio",NYJ,30,7.5,4,4,20,41,272,13.6,1,0,0,0,20,272,272,1,0,1,2012
105,"Shipley, Jordan",TB,28,4,7,2,23,39,244,10.6,1,0,0,0,23,244,446,1,0,1,2012
106,"Harris, Dwayne",DAL,28,1.8,16,0,17,31,222,13.1,1,0,0,0,17,222,786,2,1,0,2012
107,"Jones, Marvin",CIN,28,2.5,11,5,18,32,201,11.2,1,3,47,0,21,248,248,1,0,0,2012
108,"Royal, Eddie",SD,27,2.7,10,2,23,44,234,10.2,1,3,22,0,26,256,320,1,0,0,2012
109,"Williams, Damian",TEN,26,2,13,2,30,45,324,10.8,0,0,0,0,30,324,330,0,0,0,2012
110,"Williams, Kyle",SF,25,2.3,11,3,14,22,212,15.1,1,4,21,0,18,233,638,1,0,0,2012
111,"Edwards, Braylon",SEA,24,1.8,13,4,18,35,199,11.1,1,0,0,0,18,199,199,1,0,0,2012
112,"Hester, Devin",CHI,24,1.6,15,5,23,40,242,10.5,1,3,6,0,26,248,1200,1,0,0,2012
113,"Tate, Brandon",CIN,24,1.5,16,3,13,25,211,16.2,1,1,0,0,14,211,1193,1,0,1,2012
114,"Quick, Brian",STL,23,1.6,14,1,10,25,155,15.5,2,0,0,0,10,155,155,2,0,0,2012
115,"Massaquoi, Mohamed",CLE,23,2.6,9,5,17,33,254,14.9,0,0,0,0,17,254,254,0,0,0,2012
116,"Johnson, Damaris",PHI,22,1.6,14,1,19,31,256,13.5,0,3,12,0,22,268,559,1,0,2,2012
117,"Gates, Clyde",NYJ,22,2,11,2,16,35,224,14,0,1,12,0,17,236,380,0,0,0,2012
118,"Robinson, Laurent",JAX,22,3.1,7,4,24,43,252,10.5,0,0,0,0,24,252,252,0,0,1,2012
119,"Simpson, Jerome",MIN,22,1.8,12,10,26,51,274,10.5,0,0,0,0,26,274,274,0,0,1,2012
120,"Hagan, Derek",OAK,21,1.5,14,2,20,36,259,13,0,0,0,0,20,259,259,0,0,0,2012
121,"Barden, Ramses",NYG,20,1.7,12,1,14,21,220,15.7,0,0,0,0,14,220,220,0,0,0,2012
122,"Criner, Juron",OAK,20,1.7,12,0,16,33,151,9.4,1,0,0,0,16,151,151,1,1,0,2012
123,"Jean, Lestar",HOU,19,1.4,14,1,6,12,151,25.2,1,0,0,0,6,151,151,1,0,0,2012
124,"Driver, Donald",GB,18,1.4,13,1,8,13,77,9.6,2,0,0,0,8,77,77,2,0,0,2012
125,"Durham, Kris",DET,17,4.3,4,3,8,21,125,15.6,1,0,0,0,8,125,125,1,0,0,2012
126,"Cotchery, Jerricho",PIT,17,1.2,14,2,17,27,205,12.1,0,0,0,0,17,205,205,0,0,0,2012
127,"Spurlock, Michael",SD,16,1.2,13,2,16,22,136,8.5,1,0,0,0,16,136,690,3,0,0,2012
128,"Martin, Keshawn",HOU,16,1,16,1,10,28,85,8.5,1,4,53,0,14,138,1146,1,0,0,2012
129,"Moore, Marlon",MIA,16,1.1,14,2,6,11,116,19.3,1,1,9,0,7,125,125,1,0,0,2012
130,"Aromashodu, Devin",MIN,16,1.1,15,0,11,22,182,16.5,0,0,0,0,11,182,182,0,0,0,2012
131,"Doucet, Early",ARI,14,1.3,11,2,25,46,178,7.1,0,2,9,0,27,187,205,0,0,0,2012
132,"Doss, Tandon",BAL,14,1,14,0,7,17,123,17.6,1,0,0,0,7,123,176,1,0,0,2012
133,"Thomas, Mike",JAX,14,0.9,16,4,18,40,108,6,1,7,57,0,25,165,267,1,0,0,2012
134,"Norwood, Jordan",CLE,13,6.5,2,0,13,19,137,10.5,0,1,1,0,14,138,138,0,0,0,2012
135,"Stallworth, Donte",NE,12,12,1,0,1,2,63,63,1,0,0,0,1,63,63,1,0,0,2012
136,"Brazill, LaVon",IND,11,0.8,14,0,10,20,144,14.4,0,0,0,0,10,144,206,0,0,1,2012
137,"Branch, Deion",NE,11,1.1,10,4,16,29,145,9.1,0,0,0,0,16,145,145,0,0,0,2012
138,"Matthews, Rishard",MIA,11,1.4,8,1,11,20,151,13.7,0,0,0,0,11,151,151,0,0,0,2012
139,"Edwards, Armanti",CAR,10,0.6,16,0,5,9,121,24.2,0,0,0,0,5,121,458,0,0,0,2012
140,"Pilares, Kealoha",CAR,10,1.3,8,0,2,4,42,21,1,1,17,0,3,59,275,1,0,0,2012
141,"Robiskie, Brian",DET,9,1.5,6,0,4,6,44,11,1,0,0,0,4,44,44,1,0,0,2012
142,"Burress, Plaxico",PIT,9,2.3,4,3,3,7,42,14,1,0,0,0,3,42,42,1,0,0,2012
143,"Beasley, Cole",DAL,9,0.9,10,0,15,24,128,8.5,0,0,0,0,15,128,128,0,0,0,2012
144,"Davis, Drew",ATL,9,0.6,14,0,4,6,40,10,1,0,0,0,4,40,40,1,0,0,2012
145,"Elliott, Kevin",JAX,8,0.6,13,2,10,31,108,10.8,0,0,0,0,10,108,108,0,0,0,2012
146,"Smith, Steve",STL,8,1,8,2,13,21,115,8.8,0,0,0,0,13,115,115,0,0,0,2012
147,"Cooper, Josh",CLE,8,1.3,6,0,8,18,106,13.3,0,0,0,0,8,106,106,0,0,0,2012
148,"Hill, Jason",NYJ,7,2.3,3,0,2,3,15,7.5,1,0,0,0,2,15,15,1,0,0,2012
149,"Copper, Terrance",KC,7,0.5,15,0,8,12,79,9.9,0,1,1,0,9,80,121,0,0,0,2012
150,"Breaston, Steve",KC,6,0.6,10,4,7,15,74,10.6,0,0,0,0,7,74,95,0,0,0,2012
151,"Obomanu, Ben",SEA,6,0.8,8,0,4,9,58,14.5,0,1,11,0,5,69,69,0,0,0,2012
152,"Burton, Stephen",MIN,6,0.6,10,1,5,10,35,7,1,0,0,0,5,35,35,1,0,0,2012
153,"Reed, David",BAL,6,1.2,5,0,5,6,66,13.2,0,0,0,0,5,66,66,0,0,0,2012
154,"Smith, Lee",BUF,6,3,2,1,1,1,1,1,1,0,0,0,1,1,1,1,0,0,2012
155,"Posey, DeVier",HOU,6,0.5,11,0,6,14,87,14.5,0,1,-3,0,7,84,84,0,0,0,2012
156,"Gaffney, Jabar",MIA,6,2,3,0,4,10,68,17,0,0,0,0,4,68,68,0,0,0,2012
157,"Willis, Matthew",DEN,6,0.4,15,1,10,22,90,9,0,0,0,0,10,90,90,0,0,0,2012
158,"Preston, Michael",TEN,5,1.3,4,0,5,7,59,11.8,0,0,0,0,5,59,59,0,0,0,2012
159,"Newsome, Jamar",KC,5,0.8,6,2,5,16,73,14.6,0,0,0,0,5,73,73,0,0,0,2012
160,"Cribbs, Josh",CLE,5,0.3,16,2,7,11,63,9,0,6,42,0,13,105,1740,0,0,3,2012
161,"Camarillo, Greg",NO,4,0.8,5,0,4,5,44,11,0,0,0,0,4,44,44,0,0,0,2012
162,"Wylie, Devon",KC,4,0.8,5,1,6,12,53,8.8,0,0,0,0,6,53,202,0,0,0,2012
163,"Whalen, Ryan",CIN,4,0.4,9,0,7,12,53,7.6,0,0,0,0,7,53,53,0,0,0,2012
164,"Thompson, Deonte",BAL,4,0.7,6,0,5,6,51,10.2,0,0,0,0,5,51,440,0,0,1,2012
165,"Hawkins, Lavelle",TEN,4,0.6,7,1,5,11,62,12.4,0,0,0,0,5,62,267,0,0,0,2012
166,"Ajirotutu, Seyi",SD,3,1,3,1,3,4,45,15,0,0,0,0,3,45,45,0,0,0,2012
167,"Martin, Charly",SEA,3,0.8,4,1,4,6,42,10.5,0,0,0,0,4,42,42,0,0,0,2012
168,"Martin, Ruvell",BUF,3,0.2,14,0,4,6,41,10.3,0,0,0,0,4,41,41,0,0,0,2012
169,"Clemons, Toney",JAX,3,0.8,4,0,3,11,41,13.7,0,0,0,0,3,41,41,0,0,0,2012
170,"Owusu, Chris",TB,2,0.4,5,0,1,4,24,24,0,0,0,0,1,24,24,0,0,0,2012
171,"Adams, Kris",IND,2,0.7,3,0,2,8,26,13,0,0,0,0,2,26,26,0,0,0,2012
172,"Banks, Brandon",WAS,2,0.2,11,0,7,7,15,2.1,0,6,30,0,13,45,718,0,0,0,2012
173,"Caldwell, Andre",DEN,2,0.3,8,0,1,4,18,18,0,1,14,0,2,32,32,0,0,0,2012
174,"Naanee, Legedu",MIA,1,0.3,4,1,1,5,19,19,0,0,0,0,1,19,19,0,0,1,2012
175,"Kearse, Jermaine",SEA,1,0.1,7,1,3,7,31,10.3,0,0,0,0,3,31,31,0,0,0,2012
176,"Carlson, John",MIN,1,1,1,1,3,3,17,5.7,0,0,0,0,3,17,17,0,0,0,2012
177,"White, Jordan",NYJ,1,0.5,2,0,1,3,13,13,0,0,0,0,1,13,13,0,0,0,2012
178,"Stroughter, Sammie",TB,1,0.3,3,0,1,2,14,14,0,0,0,0,1,14,30,0,0,0,2012
179,"Briscoe, Dezmon",WAS,1,0.1,7,0,2,5,22,11,0,1,1,0,3,23,23,0,0,0,2012
180,"Weems, Eric",CHI,1,0.1,16,1,2,4,27,13.5,0,0,0,0,2,27,258,0,0,0,2012
181,"Gilyard, Mardy",PHI,1,0.1,8,0,2,6,15,7.5,0,0,0,0,2,15,30,0,0,0,2012
182,"Benn, Arrelious",TB,1,0.1,8,1,4,6,26,6.5,0,3,16,0,7,42,348,0,0,0,2012
183,"Holliday, Trindon",HOU,1,0.1,15,0,2,2,17,8.5,0,0,0,0,2,17,1050,2,0,1,2012
184,"Armstrong, Anthony",MIA,0,0,6,0,3,9,12,4,0,0,0,0,3,12,12,0,0,0,2012
185,"Slater, Matt",NE,0,0,16,0,0,0,0,0,0,0,0,0,0,0,39,0,0,0,2012
186,"Barnidge, Gary",CAR,0,0,1,1,0,0,0,0,0,0,0,0,0,0,0,0,0,0,2012
187,"Goodman, Richard",SD,0,0,7,0,0,2,0,0,0,0,0,0,0,0,497,0,0,0,2012
188,"Cameron, Jordan",CLE,0,0,1,1,1,1,4,4,0,0,0,0,1,4,4,0,0,0,2012
189,"Smith, Shelley",STL,0,0,1,0,0,0,0,0,0,0,0,0,0,0,0,0,0,0,2012
190,"Douglas, David",TB,0,0,1,0,0,0,0,0,0,0,0,0,0,0,0,0,0,0,2012
191,"Aiken, Danny",NE,0,0,1,0,0,0,0,0,0,0,0,0,0,0,0,0,0,0,2012
192,"Hartsock, Ben",CAR,0,0,1,1,0,0,0,0,0,0,0,0,0,0,0,0,0,0,2012
193,"Holmes, Andre",DAL,0,0,7,0,2,2,11,5.5,0,0,0,0,2,11,11,0,0,0,2012
194,"Ogbonnaya, Chris",CLE,0,0,1,0,1,3,9,9,0,1,4,0,2,13,13,0,0,0,2012
195,"Palmer, Michael",ATL,0,0,1,1,1,1,6,6,0,0,0,0,1,6,6,0,0,0,2012
196,"Sanzenbacher, Dane",CHI,0,0,5,0,1,3,7,7,0,0,0,0,1,7,7,0,0,0,2012
197,"Gilreath, David",PIT,0,0,3,0,0,1,0,0,0,1,7,0,1,7,15,0,0,0,2012
198,"Jackson, Jerrell",JAX,0,0,1,0,0,0,0,0,0,0,0,0,0,0,0,0,0,0,2012
199,"Jernigan, Jerrel",NYG,0,0,9,0,3,5,22,7.3,0,1,6,0,4,28,88,0,0,0,2012
200,"Salas, Greg",NE,0,0,1,0,0,0,0,0,0,0,0,0,0,0,0,0,0,0,2012
201,"Fells, Daniel",NE,0,0,1,1,0,0,0,0,0,0,0,0,0,0,0,0,0,0,2012
202,"Felton, Jerome",MIN,0,0,1,1,0,0,0,0,0,0,0,0,0,0,0,0,0,0,2012
203,"Reuland, Konrad",NYJ,0,0,1,0,0,0,0,0,0,0,0,0,0,0,0,0,0,0,2012
204,"Stovall, Maurice",JAX,0,0,1,1,0,0,0,0,0,0,0,0,0,0,0,0,0,0,2012
205,"Brown, Mike",JAX,0,0,2,1,0,1,0,0,0,0,0,0,0,0,0,0,0,0,2012
206,"Cromartie, Antonio",NYJ,0,0,1,1,1,1,-2,-2,0,0,0,0,1,-2,-2,0,0,0,2012
207,"Easley, Marcus",BUF,0,0,3,0,0,0,0,0,0,0,0,0,0,0,75,0,0,0,2012
208,"Cone, Kevin",ATL,0,0,12,0,0,1,0,0,0,0,0,0,0,0,0,0,0,0,2012
209,"Roby, Courtney",NO,0,0,12,0,1,2,9,9,0,0,0,0,1,9,9,0,0,0,2012
210,"Williams, D.J.",DEN,0,0,1,0,0,0,0,0,0,0,0,0,0,0,0,0,0,0,2012
211,"Ginn Jr., Ted",SF,0,0,13,0,2,2,1,0.5,0,1,7,0,3,8,587,0,0,1,2012
212,"Ross, Jeremy",GB,0,0,5,0,0,0,0,0,0,0,0,0,0,0,189,0,0,0,2012
213,"Hemingway, Junior",KC,0,0,1,0,0,0,0,0,0,0,0,0,0,0,0,0,0,0,2012
214,"Cumberland, Jeff",NYJ,0,0,1,1,0,1,0,0,0,0,0,0,0,0,0,0,0,0,2012
215,"Adams, Joe",CAR,0,0,9,0,1,1,7,7,0,3,13,0,4,20,355,0,0,3,2012
216,"Anderson, Joseph",CHI,0,0,3,0,0,0,0,0,0,0,0,0,0,0,0,0,0,0,2012
217,"Butler, Deon",SEA,0,0,1,0,0,0,0,0,0,0,0,0,0,0,0,0,0,0,2012
218,"Parker, Preston",TB,0,0,2,0,0,2,0,0,0,1,7,0,1,7,7,0,0,0,2012
219,"Stephenson, Donald",KC,0,0,1,0,0,0,0,0,0,0,0,0,0,0,0,0,0,0,2012
220,"Adams, Kyle",CHI,0,0,1,1,0,0,0,0,0,0,0,0,0,0,0,0,0,0,2012
221,"Jenkins, A.J.",SF,0,0,3,0,0,1,0,0,0,0,0,0,0,0,0,0,0,0,2012
222,"Collie, Austin",IND,0,0,1,0,1,1,6,6,0,0,0,0,1,6,6,0,0,0,2012
223,"Byrd, LaRon",ARI,0,0,4,0,1,2,8,8,0,0,0,0,1,8,8,0,0,0,2012
224,"Davis, Dominique",ATL,0,0,1,0,0,0,0,0,0,0,0,0,0,0,0,0,0,0,2012
225,"Green, Virgil",DEN,0,0,1,0,0,0,0,0,0,0,0,0,0,0,0,0,0,0,2012
226,"McMichael, Randy",SD,0,0,1,1,0,0,0,0,0,0,0,0,0,0,0,0,0,0,2012
227,"Boykin, Jarrett",GB,0,0,10,0,5,6,27,5.4,0,0,0,0,5,27,27,0,0,0,2012
228,"Cosby, Quan",JAX,0,0,2,0,0,0,0,0,0,0,0,0,0,0,145,0,0,0,2012
229,"Palmer, Nathan",IND,0,0,5,0,1,4,-4,-4,0,0,0,0,1,-4,-4,0,0,0,2012
230,"Gettis, David",CAR,0,0,2,0,0,0,0,0,0,0,0,0,0,0,0,0,0,0,2012
231,"Massaquoi, Jonathan",ATL,0,0,1,0,0,0,0,0,0,0,0,0,0,0,0,0,0,0,2012
232,"Parrish, Roscoe",TB,0,0,13,0,0,0,0,0,0,0,0,0,0,0,384,0,0,0,2012
233,"Williams, LaQuan",BAL,0,0,11,0,0,0,0,0,0,0,0,0,0,0,5,0,0,0,2012
234,"Burton, Brandon",MIN,0,0,2,0,0,1,0,0,0,0,0,0,0,0,0,0,0,0,2012
235,"Osgood, Kassim",DET,0,0,16,0,0,0,0,0,0,0,0,0,0,0,0,0,0,0,2012
236,"Turner, Patrick",NYJ,0,0,2,0,0,5,0,0,0,0,0,0,0,0,0,0,0,0,2012
237,"McNutt, Marvin",PHI,0,0,4,0,0,2,0,0,0,0,0,0,0,0,0,0,0,0,2012
1,"Gordon, Josh",CLE,221,15.8,14,14,87,159,1646,18.9,9,5,88,0,92,1734,1734,9,0,0,2013
2,"Thomas, Demaryius",DEN,220,13.8,16,16,92,142,1430,15.5,14,0,0,0,92,1430,1430,14,0,0,2013
3,"Johnson, Calvin",DET,213,15.2,14,14,84,156,1492,17.8,12,0,0,0,84,1492,1492,12,0,1,2013
4,"Green, A.J.",CIN,203,12.7,16,16,98,178,1426,14.6,11,0,0,0,98,1426,1426,11,0,0,2013
5,"Bryant, Dez",DAL,198,12.4,16,16,93,159,1233,13.3,13,1,1,0,94,1234,1234,13,0,1,2013
6,"Marshall, Brandon",CHI,198,12.4,16,16,100,164,1295,13,12,0,0,0,100,1295,1287,12,2,0,2013
7,"Brown, Antonio",PIT,191,11.9,16,14,110,163,1499,13.6,8,7,4,0,117,1518,1928,9,0,0,2013
8,"Decker, Eric",DEN,189,11.8,16,16,87,136,1288,14.8,11,0,0,0,87,1288,1290,11,0,1,2013
9,"Jeffery, Alshon",CHI,188,11.8,16,14,89,149,1421,16,7,16,105,0,105,1526,1526,7,1,1,2013
10,"Jackson, DeSean",PHI,182,11.4,16,16,82,126,1332,16.2,9,3,2,0,85,1334,1415,9,0,0,2013
11,"Nelson, Jordy",GB,173,10.8,16,16,85,127,1314,15.5,8,0,0,0,85,1314,1314,8,0,0,2013
12,"Johnson, Andre",HOU,161,10.1,16,16,109,181,1407,12.9,5,0,0,0,109,1407,1407,5,0,0,2013
13,"Jackson, Vincent",TB,156,9.8,16,16,78,160,1224,15.7,7,1,0,0,79,1224,1224,7,0,0,2013
14,"Garcon, Pierre",WAS,156,9.8,16,16,113,182,1346,11.9,5,2,19,0,115,1365,1365,5,0,1,2013
15,"Boldin, Anquan",SF,153,9.6,16,16,85,129,1179,13.9,7,2,11,0,87,1190,1190,7,0,0,2013
16,"Fitzgerald, Larry",ARI,148,9.3,16,16,82,135,954,11.6,10,2,8,0,84,962,962,10,0,1,2013
17,"Allen, Keenan",SD,145,9.7,15,14,71,104,1046,14.7,8,0,0,0,71,1046,1171,8,0,2,2013
18,"Edelman, Julian",NE,137,8.6,16,11,105,151,1056,10.1,6,2,11,0,107,1067,1441,6,2,0,2013
19,"Smith, Torrey",BAL,132,8.3,16,16,65,137,1128,17.4,4,0,0,0,65,1128,1128,4,1,0,2013
20,"Hilton, T.Y.",IND,132,8.3,16,10,82,135,1083,13.2,5,2,6,0,84,1089,1248,5,0,0,2013
21,"Welker, Wes",DEN,132,10.2,13,13,73,111,778,10.7,10,0,0,0,73,778,848,10,0,1,2013
22,"Floyd, Michael",ARI,130,8.1,16,16,66,112,1054,16,5,0,0,0,66,1054,1054,5,0,0,2013
23,"Jones, Marvin",CIN,128,8,16,3,51,81,712,14,10,8,65,0,59,777,777,10,0,0,2013
24,"Cooper, Riley",PHI,128,8,16,15,47,83,833,17.7,8,0,18,0,47,851,847,8,2,0,2013
25,"Colston, Marques",NO,118,7.9,15,11,75,111,943,12.6,5,0,0,0,75,943,943,5,0,0,2013
26,"Wallace, Mike",MIA,117,7.3,16,16,73,138,930,12.7,5,3,33,0,76,963,963,5,0,0,2013
27,"Hartline, Brian",MIA,117,7.3,16,15,76,130,1016,13.4,4,0,0,0,76,1016,1016,4,0,0,2013
28,"Cruz, Victor",NYG,117,8.4,14,13,73,122,998,13.7,4,0,0,0,73,998,998,4,0,1,2013
29,"Cotchery, Jerricho",PIT,114,7.1,16,6,46,76,602,13.1,10,1,-5,0,47,597,597,10,0,0,2013
30,"Wright, Kendall",TEN,113,7.1,16,12,94,139,1079,11.5,2,0,0,0,94,1079,1079,2,0,0,2013
31,"Tate, Golden",SEA,113,7.1,16,13,64,99,898,14,5,3,31,0,67,929,1571,5,0,0,2013
32,"Douglas, Harry",ATL,110,6.9,16,11,85,132,1067,12.6,2,0,0,0,85,1067,1124,2,0,2,2013
33,"Streater, Rod",OAK,106,6.6,16,14,60,99,888,14.8,4,2,17,0,62,905,905,4,0,1,2013
34,"Royal, Eddie",SD,106,7.1,15,6,47,67,631,13.4,8,3,21,0,50,652,693,8,0,1,2013
35,"Sanders, Emmanuel",PIT,104,6.5,16,11,67,112,740,11,6,1,25,0,68,765,1033,6,1,0,2013
36,"Washington, Nate",TEN,104,6.5,16,15,58,105,919,15.8,3,0,0,0,58,919,919,3,0,0,2013
37,"Baldwin, Doug",SEA,101,6.3,16,10,50,73,778,15.6,5,2,6,0,52,784,841,5,0,0,2013
38,"Jennings, Greg",MIN,97,6.5,15,15,68,106,804,11.8,4,0,0,0,68,804,804,4,0,0,2013
39,"Moore, Denarius",OAK,95,7.3,13,10,46,86,695,15.1,5,0,0,0,46,695,695,5,0,0,2013
40,"Patterson, Cordarrelle",MIN,95,5.9,16,5,45,77,469,10.4,4,12,158,3,57,627,2020,9,0,0,2013
41,"Smith, Steve",CAR,94,6.3,15,15,64,110,745,11.6,4,0,0,0,64,745,745,4,0,0,2013
42,"Jones, James",GB,93,6.6,14,14,59,93,817,13.8,3,0,0,0,59,817,817,3,0,1,2013
43,"Shorts, Cecil",JAX,93,7.2,13,13,66,123,777,11.8,3,0,0,0,66,777,777,3,0,0,2013
44,"Randle, Rueben",NYG,93,5.8,16,3,41,78,611,14.9,6,0,0,0,41,611,848,6,0,1,2013
45,"Brown, Marlon",BAL,93,6.6,14,12,49,82,524,10.7,7,1,-2,0,50,522,522,7,1,0,2013
46,"Williams, Terrance",DAL,92,6.1,15,7,40,68,652,16.3,5,3,4,0,43,656,798,5,1,2,2013
47,"Bowe, Dwayne",KC,89,5.9,15,15,57,103,673,11.8,5,0,0,0,57,673,673,5,0,0,2013
48,"Stills, Kenny",NO,88,5.9,15,9,32,48,641,20,5,3,10,0,35,651,651,5,0,0,2013
49,"LaFell, Brandon",CAR,86,5.4,16,16,49,85,627,12.8,5,2,15,0,51,642,642,5,0,0,2013
50,"Nicks, Hakeem",NYG,85,5.7,15,15,56,101,896,16,0,0,0,0,56,896,896,0,0,0,2013
51,"White, Roddy",ATL,84,6,14,13,63,97,711,11.3,3,0,0,0,63,711,711,3,0,1,2013
52,"Hopkins, DeAndre",HOU,83,5.2,16,16,52,91,802,15.4,2,0,0,0,52,802,802,2,0,1,2013
53,"Ginn Jr., Ted",CAR,82,5.1,16,2,36,68,556,15.4,5,4,29,0,40,585,1496,5,0,0,2013
54,"Boykin, Jarrett",GB,82,5.1,16,8,49,83,681,13.9,3,0,0,0,49,681,681,3,0,0,2013
55,"Johnson, Stevie",BUF,75,6.3,12,12,52,101,597,11.5,3,1,10,0,53,607,607,3,1,1,2013
56,"Austin, Tavon",STL,74,6.2,12,2,34,62,388,11.4,4,8,148,1,42,536,1172,6,0,1,2013
57,"Woods, Robert",BUF,73,5.2,14,13,40,85,587,14.7,3,2,16,0,42,603,612,3,1,0,2013
58,"Dobson, Aaron",NE,72,6,12,9,37,72,519,14,4,0,0,0,37,519,519,4,0,0,2013
59,"Cobb, Randall",GB,71,11.8,6,4,31,47,433,14,4,4,78,0,35,511,544,4,0,0,2013
60,"Amendola, Danny",NE,70,5.8,12,6,54,83,633,11.7,2,1,1,0,55,634,647,2,0,0,2013
61,"Simpson, Jerome",MIN,70,4.4,16,9,48,100,726,15.1,1,0,0,0,48,726,726,1,0,0,2013
62,"Avery, Donnie",KC,67,4.2,16,14,40,71,596,14.9,2,2,6,0,42,602,602,2,0,1,2013
63,"Jones, Julio",ATL,67,13.4,5,5,41,59,580,14.1,2,1,7,0,42,587,587,2,0,1,2013
64,"Thompkins, Kenbrell",NE,66,5.5,12,8,32,69,466,14.6,4,0,0,0,32,466,466,4,0,0,2013
65,"Kerley, Jeremy",NYJ,65,5.4,12,8,43,72,523,12.2,3,4,11,0,47,534,668,3,0,0,2013
66,"Underwood, Tiquan",TB,63,5.3,12,7,24,46,440,18.3,4,0,0,0,24,440,440,4,0,0,2013
67,"Wayne, Reggie",IND,62,8.9,7,7,38,55,503,13.2,2,1,5,0,39,508,508,2,1,0,2013
68,"McCluster, Dexter",KC,58,3.9,15,6,53,83,511,9.6,2,8,5,0,61,516,1202,4,0,0,2013
69,"Wright, Jarius",MIN,57,3.6,16,3,26,43,434,16.7,3,0,0,0,26,434,443,3,0,0,2013
70,"Pettis, Austin",STL,57,3.6,16,6,38,63,399,10.5,4,0,0,0,38,399,436,4,0,0,2013
71,"Durham, Kris",DET,56,3.5,16,13,38,85,490,12.9,2,0,0,0,38,490,490,2,0,1,2013
72,"Hunter, Justin",TEN,55,3.9,14,0,18,42,354,19.7,4,0,0,0,18,354,354,4,0,0,2013
73,"Sanders, Ace",JAX,54,3.6,15,5,51,87,484,9.5,1,3,4,0,54,509,703,2,0,0,2013
74,"Jones, Jacoby",BAL,53,4.4,12,9,37,67,455,12.3,2,2,0,0,39,455,1584,3,0,0,2013
75,"Matthews, Rishard",MIA,53,3.3,16,5,41,67,448,10.9,2,0,0,0,41,448,448,2,0,0,2013
76,"Moore, Lance",NO,53,4.1,13,5,37,54,457,12.4,2,0,0,0,37,457,457,2,0,1,2013
77,"Jernigan, Jerrel",NYG,53,3.5,15,3,29,44,329,11.3,2,2,57,1,31,386,632,3,0,1,2013
78,"Brown, Mike",JAX,53,4.8,11,6,32,56,446,13.9,2,0,0,0,32,446,446,2,0,1,2013
79,"Givens, Chris",STL,52,3.3,16,14,34,83,569,16.7,0,3,8,0,37,577,577,0,0,1,2013
80,"Sanu, Mohamed",CIN,52,3.3,16,14,47,77,455,9.7,2,4,16,0,51,496,471,2,0,1,2013
81,"Kearse, Jermaine",SEA,52,3.3,16,5,22,38,346,15.7,4,0,0,0,22,346,629,4,0,1,2013
82,"Avant, Jason",PHI,51,3.2,16,14,38,76,447,11.8,2,0,0,0,38,447,447,2,0,1,2013
83,"Roberts, Andre",ARI,51,3.2,16,2,43,76,471,11,2,0,0,0,43,471,471,2,0,0,2013
84,"Hankerson, Leonard",WAS,51,5.1,10,7,30,50,375,12.5,3,0,0,0,30,375,375,3,0,0,2013
85,"Little, Greg",CLE,50,3.1,16,13,41,99,465,11.3,2,0,0,0,41,465,616,2,0,0,2013
86,"Holmes, Santonio",NYJ,49,4.5,11,11,23,59,456,19.8,1,0,0,0,23,456,456,1,0,0,2013
87,"Gibson, Brandon",MIA,48,6.9,7,2,30,42,326,10.9,3,0,0,0,30,326,326,3,0,0,2013
88,"Burleson, Nate",DET,48,5.3,9,8,39,55,461,11.8,1,2,-8,0,41,453,453,1,0,0,2013
89,"Brown, Vincent",SD,47,2.9,16,10,41,69,472,11.5,1,0,0,0,41,472,472,1,0,0,2013
90,"Holmes, Andre",OAK,46,4.6,10,4,25,52,431,17.2,1,0,0,0,25,431,431,1,0,0,2013
91,"Blackmon, Justin",JAX,46,11.5,4,4,29,48,415,14.3,1,1,-1,0,30,414,414,1,0,0,2013
92,"Goodwin, Marquise",BUF,45,3.8,12,1,17,32,283,16.6,3,3,13,0,20,296,647,3,0,1,2013
93,"Robinson, Aldrick",WAS,45,2.8,16,1,18,46,365,20.3,2,3,-4,0,21,361,361,2,0,0,2013
94,"Graham, T.J.",BUF,44,2.8,16,7,23,58,361,15.7,2,4,14,0,27,375,394,2,0,1,2013
95,"Bess, Davone",CLE,43,3.1,14,3,42,86,362,8.6,2,0,0,0,42,362,381,2,1,1,2013
96,"Moss, Santana",WAS,43,2.7,16,1,42,79,452,10.8,2,3,25,0,45,477,609,2,0,2,2013
97,"Beasley, Cole",DAL,40,2.9,14,3,39,54,368,9.4,2,0,0,0,39,368,467,2,0,0,2013
98,"Meachem, Robert",NO,39,2.6,15,5,16,30,324,20.3,2,2,-1,0,18,323,323,2,0,0,2013
99,"Heyward-Bey, Darrius",IND,39,2.4,16,11,29,64,309,10.7,1,3,26,0,32,335,335,1,1,0,2013
100,"Rice, Sidney",SEA,38,4.8,8,6,15,35,231,15.4,3,0,0,0,15,231,231,3,0,1,2013
101,"Quick, Brian",STL,37,2.3,16,4,18,35,302,16.8,2,0,0,0,18,302,302,2,0,0,2013
102,"Bennett, Earl",CHI,37,2.5,15,2,31,41,236,7.6,3,0,0,0,31,236,236,3,1,0,2013
103,"Hill, Stephen",NYJ,36,3,12,11,24,59,342,14.3,1,0,0,0,24,342,342,1,0,1,2013
104,"Ogletree, Kevin",TB,36,2.3,16,2,21,45,269,12.8,2,0,0,0,21,269,294,2,0,0,2013
105,"Whalen, Griff",IND,35,3.9,9,3,24,40,259,10.8,2,0,0,0,24,259,385,2,0,0,2013
106,"Caldwell, Andre",DEN,34,2.1,16,2,16,29,200,12.5,3,1,7,0,17,207,348,3,0,0,2013
107,"Crabtree, Michael",SF,32,6.4,5,5,19,33,284,14.9,1,0,0,0,19,284,284,1,0,0,2013
108,"Martin, Keshawn",HOU,32,2,16,1,22,40,253,11.5,2,0,0,0,22,253,1545,3,0,1,2013
109,"Davis, Drew",ATL,31,1.9,16,3,12,16,216,18,2,0,0,0,12,216,216,2,0,0,2013
110,"Williams, Mike",TB,31,5.2,6,5,22,40,216,9.8,2,0,0,0,22,216,216,2,0,0,2013
111,"Rogers, Da'Rick",IND,30,6,5,3,14,23,192,13.7,2,1,0,0,15,192,192,2,0,0,2013
112,"Nelson, David",NYJ,29,2.9,10,4,27,49,324,12,0,0,0,0,27,324,324,0,0,0,2013
113,"Bailey, Stedman",STL,27,1.7,16,2,17,25,226,13.3,0,2,33,1,19,259,285,1,0,0,2013
114,"Taylor, Kerry",ARI,27,2.7,10,4,22,34,229,10.4,1,0,0,0,22,229,289,1,0,0,2013
115,"Brazill, LaVon",IND,26,2.6,10,0,12,27,161,13.4,2,0,0,0,12,161,243,2,0,0,2013
116,"Doss, Tandon",BAL,26,1.7,15,2,19,36,305,16.1,0,0,0,0,19,305,664,1,0,1,2013
117,"Johnson, Darius",ATL,23,2.3,10,2,22,43,210,9.5,1,0,0,0,22,210,210,1,0,1,2013
118,"Hemingway, Junior",KC,22,1.4,16,2,13,19,125,9.6,2,0,0,0,13,125,125,2,0,1,2013
119,"Austin, Miles",DAL,20,1.8,11,8,24,49,244,10.2,0,0,0,0,24,244,244,0,0,0,2013
120,"Harris, Dwayne",DAL,18,1.4,13,3,9,14,80,8.9,2,1,6,0,10,86,1199,3,0,1,2013
121,"Hawkins, Andrew",CIN,17,2.1,8,0,12,18,199,16.6,0,2,3,0,14,202,202,0,0,0,2013
122,"Morgan, Josh",WAS,17,1.2,14,7,20,33,214,10.7,0,2,13,0,22,227,525,0,0,0,2013
123,"Williams, Damian",TEN,15,1.5,10,1,15,23,178,11.9,0,0,0,0,15,178,313,0,0,1,2013
124,"Brown, Jaron",ARI,14,0.9,16,0,10,17,127,12.7,1,0,0,0,10,127,127,1,0,0,2013
125,"Floyd, Malcom",SD,14,7,2,2,6,11,149,24.8,0,0,0,0,6,149,149,0,0,0,2013
126,"Preston, Michael",TEN,14,2,7,0,5,7,37,7.4,2,0,0,0,5,37,37,2,0,0,2013
127,"Benjamin, Travis",CLE,13,1.6,8,3,5,13,105,21,0,1,45,0,6,150,553,1,0,1,2013
128,"Salas, Greg",NYJ,12,1.5,8,0,8,13,143,17.9,0,0,0,0,8,143,143,0,0,0,2013
129,"Jenkins, A.J.",KC,11,0.7,16,1,8,17,130,16.3,0,2,6,0,10,136,136,0,0,0,2013
130,"Ajirotutu, Seyi",SD,11,0.8,14,0,3,4,64,21.3,1,0,0,0,3,64,64,1,0,0,2013
131,"Posey, DeVier",HOU,11,0.8,13,0,15,25,155,10.3,0,0,0,0,15,155,155,0,0,0,2013
132,"Ross, Jeremy",GB,11,0.9,12,1,5,9,48,9.6,1,2,40,0,7,88,865,3,0,1,2013
133,"Maehl, Jeff",PHI,11,0.7,15,0,4,9,67,16.8,1,0,0,0,4,67,67,1,0,0,2013
134,"Golden, Brittan",ARI,11,2.8,4,0,3,8,120,40,0,0,0,0,3,120,120,0,0,0,2013
135,"Williams, Kyle",SF,10,1,10,5,12,27,113,9.4,0,2,23,0,14,136,331,0,0,0,2013
136,"Boyce, Josh",NE,10,1.4,7,3,9,19,121,13.4,0,0,0,0,9,121,335,0,0,0,2013
137,"Gates, Clyde",NYJ,10,1.7,6,2,12,24,122,10.2,0,0,0,0,12,122,331,0,0,0,2013
138,"Thompson, Deonte",BAL,9,1.3,7,0,10,20,96,9.6,0,0,0,0,10,96,297,0,0,0,2013
139,"Owusu, Chris",TB,9,1,9,4,13,20,114,8.8,0,0,0,0,13,114,114,0,0,0,2013
140,"Stokley, Brandon",BAL,8,1.3,6,0,13,21,115,8.8,0,0,0,0,13,115,115,0,0,0,2013
141,"Butler, Brice",OAK,8,0.8,10,2,9,17,103,11.4,0,0,0,0,9,103,103,0,0,0,2013
142,"Rivera, Mychal",OAK,8,8,1,0,5,8,21,4.2,1,0,0,0,5,21,21,1,0,0,2013
143,"Hixon, Domenik",CAR,8,0.5,15,0,7,9,55,7.9,1,0,0,0,7,55,55,1,0,0,2013
144,"Burton, Stephen",JAX,7,1.8,4,2,8,13,76,9.5,0,1,-9,0,9,67,166,0,0,0,2013
145,"Ford, Jacoby",OAK,7,0.5,14,1,13,24,99,7.6,0,5,15,0,18,114,444,0,0,1,2013
146,"Murphy, Louis",NYG,7,0.5,14,0,6,13,37,6.2,1,0,0,0,6,37,37,1,0,1,2013
147,"Page, Eric",TB,7,0.4,16,1,4,9,68,17,0,2,14,0,6,82,906,0,0,2,2013
148,"Moye, Derek",PIT,7,0.9,8,0,2,6,20,10,1,0,0,0,2,20,20,1,0,0,2013
149,"Manningham, Mario",SF,7,1.2,6,3,9,23,85,9.4,0,0,0,0,9,85,85,0,0,0,2013
150,"Broyles, Ryan",DET,6,1,6,3,8,14,85,10.6,0,0,0,0,8,85,89,0,0,0,2013
151,"Cribbs, Josh",NYJ,5,0.8,6,0,2,2,6,3,0,13,55,0,15,99,647,0,0,0,2013
152,"Lockette, Ricardo",SEA,5,0.6,8,1,5,7,82,16.4,0,1,-2,0,6,80,80,0,0,0,2013
153,"Wheaton, Markus",PIT,5,0.4,12,1,6,13,64,10.7,0,0,0,0,6,64,101,0,0,0,2013
154,"Cooper, Josh",CLE,5,1,5,0,9,14,60,6.7,0,0,0,0,9,60,60,0,0,0,2013
155,"Hogan, Chris",BUF,5,0.3,16,0,10,17,83,8.3,0,0,0,0,10,83,83,0,0,0,2013
156,"Williams, Teddy",ARI,5,1.7,3,0,1,1,51,51,0,0,0,0,1,51,51,0,0,0,2013
157,"Britt, Kenny",TEN,5,0.4,12,3,11,35,96,8.7,0,0,0,0,11,96,96,0,0,0,2013
158,"Patton, Quinton",SF,5,0.8,6,0,3,5,34,11.3,0,1,26,0,4,60,67,0,0,0,2013
159,"Collie, Austin",NE,5,0.7,7,1,6,11,63,10.5,0,0,0,0,6,63,63,0,0,0,2013
160,"Robinson, Denard",JAX,4,0.3,15,0,0,1,0,0,0,17,65,0,17,65,153,0,0,2,2013
161,"Edwards, Patrick",DET,4,1,4,2,5,11,46,9.2,0,0,0,0,5,46,46,0,0,0,2013
162,"Toon, Nick",NO,4,0.5,8,3,4,12,68,17,0,0,0,0,4,68,68,0,0,0,2013
163,"Watson, Benjamin",NO,3,3,1,1,3,3,31,10.3,0,0,0,0,3,31,31,0,0,0,2013
164,"White, Myles",GB,3,0.4,7,0,9,12,66,7.3,0,0,0,0,9,66,66,0,0,0,2013
165,"Sanzenbacher, Dane",CIN,3,0.3,10,1,6,8,61,10.2,0,0,0,0,6,61,61,0,0,0,2013
166,"Jean, Lestar",HOU,3,0.3,11,0,4,8,35,8.8,0,0,0,0,4,35,35,0,0,0,2013
167,"Davis, Kellen",SEA,3,3,1,1,2,2,31,15.5,0,0,0,0,2,31,31,0,0,0,2013
168,"Moore, Marlon",SF,3,0.2,14,0,7,15,62,8.9,0,1,9,0,8,71,71,0,0,0,2013
169,"Winslow, Kellen",NYJ,3,3,1,1,3,5,35,11.7,0,0,0,0,3,35,35,0,0,0,2013
170,"Ogbonnaya, Chris",CLE,3,3,1,1,5,5,39,7.8,0,5,7,0,10,46,46,0,0,0,2013
171,"Criner, Juron",OAK,3,3,1,0,3,8,32,10.7,0,0,0,0,3,32,32,0,0,0,2013
172,"Thomas, Lamaar",JAX,2,1,2,0,2,3,31,15.5,0,0,0,0,2,31,31,0,0,0,2013
173,"Williams, Nick",WAS,2,0.3,6,0,3,11,15,5,0,0,0,0,3,15,203,0,1,0,2013
174,"Webb, Joe",MIN,2,0.1,16,1,5,11,33,6.6,0,0,0,0,5,33,42,0,0,0,2013
175,"Whittaker, Foswhitt",CLE,2,2,1,1,3,4,13,4.3,0,2,11,0,5,24,46,0,0,0,2013
176,"Smith, Brad",PHI,2,0.3,6,0,2,2,27,13.5,0,2,2,0,4,29,135,0,0,0,2013
177,"Harvin, Percy",SEA,1,1,1,0,1,1,17,17,0,0,0,0,1,17,75,0,0,0,2013
178,"Hall, Chad",KC,1,0.1,9,0,2,7,20,10,0,0,0,0,2,20,29,0,0,0,2013
179,"Easley, Marcus",BUF,1,0.1,16,0,2,5,13,6.5,0,0,0,0,2,13,96,0,0,0,2013
180,"Cone, Kevin",ATL,1,0.1,16,0,1,1,12,12,0,0,0,0,1,12,12,0,0,0,2013
181,"Gurley, Tori",CLE,1,0.3,3,0,1,3,15,15,0,0,0,0,1,15,15,0,0,0,2013
182,"Osgood, Kassim",SF,1,0.1,14,0,1,1,17,17,0,0,0,0,1,17,17,0,0,0,2013
183,"Edwards, Armanti",CAR,1,0.3,4,0,1,5,10,10,0,1,0,0,2,10,38,0,0,0,2013
184,"Tyms, Brian",CLE,1,0.1,8,0,2,5,12,6,0,0,0,0,2,12,12,0,0,0,2013
185,"Wilson, Marquess",CHI,1,0.1,9,1,2,3,13,6.5,0,0,0,0,2,13,13,0,0,0,2013
186,"Dawson, Skye",TB,1,0.1,7,0,2,7,12,6,0,2,15,0,4,27,86,0,0,0,2013
187,"Baldwin, Jonathan",SF,1,0.1,7,1,3,9,28,9.3,0,0,0,0,3,28,28,0,0,0,2013
188,"Beatty, William",NYG,0,0,1,1,0,0,0,0,0,0,0,0,0,0,0,0,0,0,2013
189,"Williams, Stephen",SEA,0,0,6,0,0,4,0,0,0,0,0,0,0,0,0,0,0,0,2013
190,"Smith, Rodney",MIN,0,0,3,0,0,0,0,0,0,0,0,0,0,0,0,0,0,0,2013
191,"Whalen, Ryan",CIN,0,0,4,0,0,0,0,0,0,0,0,0,0,0,0,0,0,0,2013
192,"Egnew, Michael",MIA,0,0,1,1,0,0,0,0,0,0,0,0,0,0,0,0,0,0,2013
193,"Ebert, Jeremy",JAX,0,0,6,0,3,8,18,6,0,0,0,0,3,18,18,0,0,0,2013
194,"Walters, Bryan",SEA,0,0,4,1,0,0,0,0,0,0,0,0,0,0,0,0,0,0,2013
195,"Spurlock, Michael",DET,0,0,11,0,0,0,0,0,0,0,0,0,0,0,596,0,0,0,2013
196,"Martin, Sam",DET,0,0,1,0,0,0,0,0,0,1,3,0,1,3,3,0,0,1,2013
197,"Wylie, Devon",TEN,0,0,2,0,0,0,0,0,0,0,0,0,0,0,98,0,0,1,2013
198,"Johnson, David",PIT,0,0,1,1,1,1,8,8,0,0,0,0,1,8,8,0,0,0,2013
199,"Jenkins, Greg",OAK,0,0,6,0,0,1,0,0,0,0,0,0,0,0,270,0,0,1,2013
200,"Tate, Brandon",CIN,0,0,16,0,1,2,6,6,0,0,0,0,1,6,1256,0,0,0,2013
201,"Reed, David",IND,0,0,7,0,1,3,2,2,0,0,0,0,1,2,592,0,0,0,2013
202,"Anderson, Joseph",CHI,0,0,6,0,0,1,0,0,0,0,0,0,0,0,82,0,0,0,2013
203,"Shepard, Russell",TB,0,0,14,0,0,0,0,0,0,0,0,0,0,0,0,0,0,0,2013
204,"Campbell, Michael",NYJ,0,0,4,0,0,2,0,0,0,0,0,0,0,0,0,0,0,0,2013
205,"Johnson, Damaris",PHI,0,0,13,0,2,3,14,7,0,0,0,0,2,14,555,0,0,1,2013
206,"Spadola, Ryan",NYJ,0,0,4,0,0,1,0,0,0,0,0,0,0,0,0,0,0,0,2013
207,"Edwards, Dwan",CAR,0,0,1,0,0,0,0,0,0,0,0,0,0,0,0,0,0,0,2013
208,"Palmer, Tobais",JAX,0,0,1,0,0,0,0,0,0,0,0,0,0,0,0,0,0,0,2013
209,"Veltung, Justin",STL,0,0,3,0,0,0,0,0,0,0,0,0,0,0,61,0,0,0,2013
210,"Lorig, Erik",TB,0,0,1,1,0,0,0,0,0,0,0,0,0,0,0,0,0,0,2013
211,"Talley, Julian",NYG,0,0,2,0,0,2,0,0,0,0,0,0,0,0,0,0,0,0,2013
212,"Bellamy, Josh",WAS,0,0,5,0,0,0,0,0,0,0,0,0,0,0,0,0,0,0,2013
213,"Harper, Chris",GB,0,0,3,0,0,0,0,0,0,0,0,0,0,0,0,0,0,0,2013
214,"Hawkins, Lavelle",SD,0,0,4,0,0,0,0,0,0,0,0,0,0,0,176,0,0,0,2013
215,"Cunningham, B.J.",PHI,0,0,1,0,0,0,0,0,0,0,0,0,0,0,0,0,0,0,2013
216,"Sims, Dion",MIA,0,0,1,1,1,2,7,7,0,0,0,0,1,7,7,0,0,0,2013
217,"Holliday, Trindon",DEN,0,0,15,0,0,0,0,0,0,1,7,0,1,7,1053,2,0,2,2013
218,"Lewis, Lance",WAS,0,0,3,0,0,0,0,0,0,0,0,0,0,0,0,0,0,0,2013
219,"Paul, Niles",WAS,0,0,1,1,1,2,6,6,0,0,0,0,1,6,30,0,0,0,2013
220,"Weems, Eric",CHI,0,0,16,0,1,2,8,8,0,0,0,0,1,8,65,0,0,0,2013
221,"Smith, Andre",CLE,0,0,2,0,0,0,0,0,0,0,0,0,0,0,0,0,0,0,2013
222,"Willson, Luke",SEA,0,0,2,2,1,2,4,4,0,0,0,0,1,4,4,0,0,0,2013
223,"Housler, Rob",ARI,0,0,1,1,0,2,0,0,0,0,0,0,0,0,0,0,0,0,2013
224,"Hill, Josh",NO,0,0,1,1,0,0,0,0,0,0,0,0,0,0,0,0,0,0,2013
225,"Obomanu, Ben",NYJ,0,0,3,0,1,1,8,8,0,0,0,0,1,8,8,0,0,0,2013
226,"Slater, Matt",NE,0,0,12,0,0,0,0,0,0,0,0,0,0,0,10,0,0,0,2013
227,"McNutt, Marvin",CAR,0,0,1,0,0,1,0,0,0,0,0,0,0,0,0,0,0,0,2013
228,"Hakim, Saalim",NYJ,0,0,3,0,0,1,0,0,0,2,-3,0,2,-3,-3,0,0,0,2013
229,"Schofield, O'Brien",SEA,0,0,1,0,0,0,0,0,0,0,0,0,0,0,0,0,0,0,2013
230,"Robiskie, Brian",ATL,0,0,1,0,0,1,0,0,0,0,0,0,0,0,0,0,0,0,2013